-- Adminer 4.3.1 MySQL dump

SET NAMES utf8;
SET time_zone = '+00:00';
SET foreign_key_checks = 0;
SET sql_mode = 'NO_AUTO_VALUE_ON_ZERO';

SET NAMES utf8mb4;

DROP TABLE IF EXISTS `admins`;
CREATE TABLE `admins` (
  `id` int(10) unsigned NOT NULL AUTO_INCREMENT,
  `name` varchar(255) COLLATE utf8mb4_unicode_ci NOT NULL,
  `created_at` timestamp NULL DEFAULT NULL,
  `updated_at` timestamp NULL DEFAULT NULL,
  PRIMARY KEY (`id`)
) ENGINE=InnoDB DEFAULT CHARSET=utf8mb4 COLLATE=utf8mb4_unicode_ci;

INSERT INTO `admins` (`id`, `name`, `created_at`, `updated_at`) VALUES
(1,	'陳姿婷',	'2019-01-16 20:10:55',	NULL),
(2,	'張宏瑋',	'2019-01-16 20:10:48',	NULL),
(3,	'鄭一緯',	'2019-01-16 20:11:23',	NULL),
(4,	'陳冠宇',	'2019-01-16 20:11:43',	NULL);

DROP TABLE IF EXISTS `coupons`;
CREATE TABLE `coupons` (
  `id` int(10) unsigned NOT NULL AUTO_INCREMENT,
  `restaurant_id` int(10) unsigned NOT NULL,
  `title` varchar(255) COLLATE utf8mb4_unicode_ci NOT NULL,
  `content` text COLLATE utf8mb4_unicode_ci NOT NULL,
  `status` tinyint(1) NOT NULL,
  `StartTime` datetime NOT NULL,
  `EndTime` datetime NOT NULL,
  `created_at` timestamp NULL DEFAULT NULL,
  `updated_at` timestamp NULL DEFAULT NULL,
  PRIMARY KEY (`id`),
  KEY `restaurant_id` (`restaurant_id`),
  CONSTRAINT `coupons_ibfk_1` FOREIGN KEY (`restaurant_id`) REFERENCES `restaurants` (`id`)
) ENGINE=InnoDB DEFAULT CHARSET=utf8mb4 COLLATE=utf8mb4_unicode_ci;

INSERT INTO `coupons` (`id`, `restaurant_id`, `title`, `content`, `status`, `StartTime`, `EndTime`, `created_at`, `updated_at`) VALUES
(1,	1,	'8折優惠卷',	'可以折8折優惠',	1,	'2019-01-17 14:53:10',	'2019-01-20 14:53:10',	NULL,	NULL),
(2,	1,	'6折優惠卷',	'可以折6折優惠',	0,	'2019-01-17 14:53:10',	'2019-01-20 14:53:10',	NULL,	NULL),
(3,	1,	'95折優惠券',	'可以折95折優惠',	0,	'2019-01-17 00:00:00',	'2019-01-29 14:53:10',	NULL,	NULL);

DROP TABLE IF EXISTS `couponsstatuses`;
CREATE TABLE `couponsstatuses` (
  `id` int(10) unsigned NOT NULL AUTO_INCREMENT,
  `coupon_id` int(10) unsigned NOT NULL,
  `member_id` int(10) unsigned NOT NULL,
  `order_id` int(10) unsigned NOT NULL,
  `status` tinyint(1) NOT NULL,
  `StartTime` datetime NOT NULL,
  `created_at` timestamp NULL DEFAULT NULL,
  `updated_at` timestamp NULL DEFAULT NULL,
  PRIMARY KEY (`id`),
  KEY `coupon_id` (`coupon_id`),
  KEY `member_id` (`member_id`),
  KEY `order_id` (`order_id`),
  CONSTRAINT `couponsstatuses_ibfk_1` FOREIGN KEY (`coupon_id`) REFERENCES `coupons` (`id`),
  CONSTRAINT `couponsstatuses_ibfk_2` FOREIGN KEY (`member_id`) REFERENCES `members` (`id`),
  CONSTRAINT `couponsstatuses_ibfk_3` FOREIGN KEY (`order_id`) REFERENCES `orders` (`id`)
) ENGINE=InnoDB DEFAULT CHARSET=utf8mb4 COLLATE=utf8mb4_unicode_ci;

INSERT INTO `couponsstatuses` (`id`, `coupon_id`, `member_id`, `order_id`, `status`, `StartTime`, `created_at`, `updated_at`) VALUES
(1,	1,	1,	2,	0,	'2019-01-17 15:01:44',	NULL,	NULL),
(2,	1,	2,	3,	0,	'2019-01-17 15:01:44',	NULL,	NULL),
(3,	2,	2,	4,	0,	'2019-01-17 15:01:44',	NULL,	NULL);

DROP TABLE IF EXISTS `customers`;
CREATE TABLE `customers` (
  `id` int(10) unsigned NOT NULL AUTO_INCREMENT,
  `status` tinyint(1) NOT NULL,
  `created_at` timestamp NULL DEFAULT NULL,
  `updated_at` timestamp NULL DEFAULT NULL,
  PRIMARY KEY (`id`)
) ENGINE=InnoDB DEFAULT CHARSET=utf8mb4 COLLATE=utf8mb4_unicode_ci;

INSERT INTO `customers` (`id`, `status`, `created_at`, `updated_at`) VALUES
(1,	0,	NULL,	NULL),
(2,	1,	NULL,	NULL);

DROP TABLE IF EXISTS `details`;
CREATE TABLE `details` (
  `id` int(10) unsigned NOT NULL AUTO_INCREMENT,
  `order_id` int(10) unsigned NOT NULL,
  `meal_id` int(10) unsigned NOT NULL,
  `quantity` int(11) NOT NULL,
  `status` tinyint(1) NOT NULL,
  `EndTime` datetime NOT NULL,
  `created_at` timestamp NULL DEFAULT NULL,
  `updated_at` timestamp NULL DEFAULT NULL,
  PRIMARY KEY (`id`),
  KEY `meal_id` (`meal_id`),
  KEY `order_id` (`order_id`),
  CONSTRAINT `details_ibfk_1` FOREIGN KEY (`meal_id`) REFERENCES `meals` (`id`),
  CONSTRAINT `details_ibfk_2` FOREIGN KEY (`order_id`) REFERENCES `orders` (`id`)
) ENGINE=InnoDB DEFAULT CHARSET=utf8mb4 COLLATE=utf8mb4_unicode_ci;

INSERT INTO `details` (`id`, `order_id`, `meal_id`, `quantity`, `status`, `EndTime`, `created_at`, `updated_at`) VALUES
(1,	1,	5,	1,	0,	'2019-01-17 14:58:35',	NULL,	NULL),
(2,	1,	6,	1,	0,	'2019-01-17 14:58:35',	NULL,	NULL),
(3,	2,	7,	1,	0,	'2019-01-17 14:58:35',	NULL,	NULL),
(4,	2,	8,	1,	0,	'2019-01-17 14:58:35',	NULL,	NULL),
(5,	3,	4,	1,	0,	'2019-01-17 14:58:35',	NULL,	NULL),
(6,	4,	9,	1,	0,	'2019-01-17 14:58:35',	NULL,	NULL),
(7,	5,	14,	1,	0,	'2019-01-17 14:58:35',	NULL,	NULL),
(8,	5,	19,	1,	0,	'2019-01-17 14:58:35',	NULL,	NULL),
(12,	6,	20,	1,	0,	'2019-01-17 14:58:35',	NULL,	NULL);

DROP TABLE IF EXISTS `keywords`;
CREATE TABLE `keywords` (
  `id` int(10) unsigned NOT NULL AUTO_INCREMENT,
  `keyword` varchar(255) COLLATE utf8mb4_unicode_ci NOT NULL,
  `created_at` timestamp NULL DEFAULT NULL,
  `updated_at` timestamp NULL DEFAULT NULL,
  PRIMARY KEY (`id`)
) ENGINE=InnoDB DEFAULT CHARSET=utf8mb4 COLLATE=utf8mb4_unicode_ci;

INSERT INTO `keywords` (`id`, `keyword`, `created_at`, `updated_at`) VALUES
(1,	'鹹',	NULL,	NULL),
(2,	'甜',	NULL,	NULL),
(3,	'酸',	NULL,	NULL),
(4,	'辣',	NULL,	NULL),
(5,	'大食客',	NULL,	NULL),
(6,	'小鳥胃',	NULL,	NULL),
(7,	'兒童',	NULL,	NULL),
(8,	'蛋奶素',	NULL,	NULL),
(9,	'全素',	NULL,	NULL),
(10,	'鮮味',	NULL,	NULL);

DROP TABLE IF EXISTS `mealkeywords`;
CREATE TABLE `mealkeywords` (
  `id` int(10) unsigned NOT NULL AUTO_INCREMENT,
  `meal_id` int(10) unsigned NOT NULL,
  `keyword_id` int(10) unsigned NOT NULL,
  `created_at` timestamp NULL DEFAULT NULL,
  `updated_at` timestamp NULL DEFAULT NULL,
  PRIMARY KEY (`id`),
  KEY `meal_id` (`meal_id`),
  KEY `keyword_id` (`keyword_id`),
  CONSTRAINT `mealkeywords_ibfk_1` FOREIGN KEY (`meal_id`) REFERENCES `meals` (`id`),
  CONSTRAINT `mealkeywords_ibfk_2` FOREIGN KEY (`keyword_id`) REFERENCES `keywords` (`id`)
) ENGINE=InnoDB DEFAULT CHARSET=utf8mb4 COLLATE=utf8mb4_unicode_ci;

INSERT INTO `mealkeywords` (`id`, `meal_id`, `keyword_id`, `created_at`, `updated_at`) VALUES
(1,	1,	1,	NULL,	NULL),
(3,	10,	3,	NULL,	NULL),
(4,	5,	1,	NULL,	NULL),
(5,	6,	1,	NULL,	NULL),
(6,	7,	1,	NULL,	NULL),
(7,	8,	4,	NULL,	NULL),
(8,	9,	4,	NULL,	NULL),
(9,	1,	4,	NULL,	NULL),
(10,	11,	1,	NULL,	NULL),
(11,	7,	5,	NULL,	NULL),
(12,	12,	2,	NULL,	NULL),
(13,	13,	1,	NULL,	NULL),
(14,	14,	2,	NULL,	NULL),
(15,	15,	9,	NULL,	NULL),
(16,	16,	1,	NULL,	NULL),
(17,	17,	1,	NULL,	NULL),
(18,	18,	1,	NULL,	NULL),
(19,	18,	2,	NULL,	NULL),
(20,	19,	1,	NULL,	NULL),
(21,	19,	2,	NULL,	NULL),
(22,	20,	3,	NULL,	NULL),
(23,	20,	4,	NULL,	NULL);

DROP TABLE IF EXISTS `meals`;
CREATE TABLE `meals` (
  `id` int(10) unsigned NOT NULL AUTO_INCREMENT,
  `restaurant_id` int(10) unsigned NOT NULL,
  `name` varchar(255) COLLATE utf8mb4_unicode_ci NOT NULL,
  `photo` text COLLATE utf8mb4_unicode_ci NOT NULL,
  `ingredients` text COLLATE utf8mb4_unicode_ci NOT NULL,
  `price` int(11) NOT NULL,
  `created_at` timestamp NULL DEFAULT NULL,
  `updated_at` timestamp NULL DEFAULT NULL,
  PRIMARY KEY (`id`),
  KEY `restaurant_id` (`restaurant_id`),
  CONSTRAINT `meals_ibfk_1` FOREIGN KEY (`restaurant_id`) REFERENCES `restaurants` (`id`)
) ENGINE=InnoDB DEFAULT CHARSET=utf8mb4 COLLATE=utf8mb4_unicode_ci;

INSERT INTO `meals` (`id`, `restaurant_id`, `name`, `photo`, `ingredients`, `price`, `created_at`, `updated_at`) VALUES
(1,	1,	'泡菜拉麵漢堡',	'http://i.epochtimes.com/assets/uploads/2017/11/Kimchi-Ramen-Burger-600x400.jpg',	'因為味道獨特出眾，韓式料理的方法和食材被越來越多的國際廚師所採用。在雞蛋中加入泡菜，就會有酸辣刺激的味道；抹上辣椒醬之後，雞翅就會變得格外美味。',	200,	NULL,	NULL),
(2,	1,	'炸醬麵',	'http://farm9.staticflickr.com/8313/7995164086_5d29ff2370.jpg',	'他的炸醬麵的醬汁顏色略為偏紅，炸醬麵的調味適中吃起來還蠻順口的，麵條的口感比較偏中等。\r\n',	50,	NULL,	NULL),
(3,	1,	'川味牛肉麵',	'https://www.alberthsieh.com/wp-content/gallery/tosibe/tosibe_0081.jpg',	'肉麵有分為小辣、中辣、大辣三種辣度，麵條有拉麵、寬麵、陽春麵三種麵條可以選擇，麵條給的份量多的，湯喝不夠可以續加，\r\n整碗麵除了有牛肉(牛肋條)之外，還有蔥花以及酸菜。',	80,	NULL,	NULL),
(4,	1,	'麵線糊',	'https://img.i17fun.com/20171126231257_62.jpg',	'除了有腸子之外，還有肉塊，是屬於濃稠度稍高，帶點微微的甜滋味麵線。',	40,	NULL,	NULL),
(5,	1,	'鹽味拉麵',	'https://i2.wp.com/www.daisyyohoho.com/wp-content/uploads/2016/11/hakodate-ramen-4.jpg?fit=1000%2C664&ssl=1',	'北海道經典的鹽味拉麵，裡頭的配料除了湯頭外，幾乎都跟上一道背脂拉麵很相像，不過鹽味拉麵透明的湯頭喝起來的清爽度卻是高上許多。喝到最後感覺也不死鹹。',	100,	NULL,	NULL),
(6,	1,	'青蔥拉麵',	'https://cdn2.ettoday.net/images/3519/d3519741.jpg',	'這碗是蔥控們必點的拉麵，虎麗選擇正常版蔥量，份量已經給得很足，如果想要整碗鋪著滿滿青蔥可以再加點升級！原文網址: 蔥控必點！日人開的高雄大海拉麵　蔥拉麵整碗蔥花滿滿 ',	120,	NULL,	NULL),
(7,	1,	'矢壯拉麵',	'https://www.cythia0805.com/wp-content/uploads/2017/02/DSC_9374.jpg',	'這碗矢壯拉麵320元 每日限量5碗\r\n，整碗很有視覺效果，滿滿的豆芽菜，還有整顆對半切的溏心蛋，有8大片叉燒，每片都有一定厚度，對於肉控吃起來絕對有感',	320,	NULL,	NULL),
(8,	1,	'雞叉燒辛辣雞白湯拉麵',	'http://imgs.weekendhk.com/wp-content/uploads/2018/08/cwb00402_caption_7301072075b6d6271407a6.jpg',	'以香濃雞湯為本的湯底，味道較豚骨清淡，混入日式辛辣口味，香口又過癮。另一亮點是以雞肉製成的圓形叉燒，表層同樣炙燒過，肉質嫩滑鬆軟，獨特少見。',	88,	NULL,	NULL),
(9,	1,	'辛辣炙燒豚肉味玉拉麵',	'http://imgs.weekendhk.com/wp-content/uploads/2018/08/cwb00403_caption_612073585b6d627478f25.jpg',	'紅紅湯底是濃厚豚骨湯混合3款辣椒秘製的辣油而成，那份餘韻停留在喉嚨內，刺激過癮！',	93,	NULL,	NULL),
(10,	1,	'茄汁義大利麵',	'https://tokyo-kitchen.icook.network/uploads/recipe/cover/101691/large_4b615674852fc2e1.jpg',	'番茄脆塊(罐頭)、紅蘿蔔碎、洋蔥碎、西芹碎、蒜頭碎、橄欖油、百里香、月桂葉、乾燥奧立岡、雞高湯、鹽、白胡椒、九層塔末',	120,	NULL,	NULL),
(11,	2,	'泡菜臭臭鍋',	'https://img.ruten.com.tw/s1/3/7a/23/21306153271843_405.jpg',	'以特殊配方調製成含有臭味的特製火鍋高湯加入少許配料為湯底，之後放入生或過水後的臭豆腐乾，注入溫的高湯及加入其他佐料、調味料與肉片捲、配菜、蔬菜、泡菜和沾醬等上桌。上桌後點火煮滾由食客加入想吃的配料下鍋，即可取食。',	180,	NULL,	NULL),
(12,	2,	'豬肉鍋',	'https://tokyo-kitchen.icook.network/uploads/recipe/cover/91201/large_139cba336998b435.jpg',	'千層白菜豬肉鍋是一種日式疊層料理，稍微花一點工夫把食材疊起來，擺進鍋子裡繞成花朵狀，簡單調味，就能品嘗到食材和湯頭的清甜鮮美，真是寒冬的暖心暖胃簡便料理。',	170,	NULL,	NULL),
(13,	2,	'醬燒豬肉鍋',	'data:image/jpeg;base64,/9j/4AAQSkZJRgABAQAAAQABAAD/2wCEAAkGBxMTEhUTEhMVFRUXGBUYFRgYGBgXGRgYGBUWFxcXFRcYHSggGBolGxUVITEiJSkrLi4uFx8zODMtNygtLisBCgoKDg0OGxAQGi0lICUtLS0tLS0tLS0tLS0tLS0tLS0tLS0tLS0tLS0tLS0tLS0tLS0tLS0tLS0tLS0tLS0tLf/AABEIALcBEwMBIgACEQEDEQH/xAAbAAACAwEBAQAAAAAAAAAAAAAEBQIDBgABB//EADkQAAEDAgUCAwYHAAICAgMAAAEAAhEDIQQFEjFBUWEicYEGEzKRocEUQlKx0eHwcvEVI2KSM4LS/8QAGQEAAwEBAQAAAAAAAAAAAAAAAQIDAAQF/8QAIxEAAgICAgICAwEAAAAAAAAAAAECEQMhEjETQQRRIjJhUv/aAAwDAQACEQMRAD8A+PCgF77pS1rtUomIFkKIcroXhYsYiBKqfSVoYp6UoSFJgCYYdyXHdG4ZLPoeD2NaLlVinKdBSrYdzvhBKhWzovQCKyuoVpKIo5DVMSIlanLvZhjWjVdybikTtmdw70S+hKejKGUn3bITVuGZFmrJJbG20YtuFcfylEYfLn9FpcQ8N4hTy2h7wFzjA4RtLYjT6EbcC7ouOXPW1wWV0yJdJV9TJWEWkIrOK4Hz+plTyq3ZK8hbmrkxHwkFVDLXAeIQljOKC02fOq2RVxwrsPl9Qbha/GeDdAVn2m6ZZI+gOLEZw7ui9psPRNGs1bFePpEcIyyclRoqmJatIEqTKACNqUxyEM5wnlaMqC1YTQYApVKbTuqg8RZB1KpC5vHKci3NRiXPwTey4YYBL62JKsy/EFxTeKfoHOI0Y6BZVmoiRTshKwukyxyRjseDg3oNwKYBB4FlkYAuvDqCIZNyOXKULxVEPlULgoucogysTPXOUmvUSFEoGC9QU6bkEwHhOMryl77nwhBhQOKUlOstySo/YQO6bYLAUqdyJPUo8ZkBskbKJEsD7OMbd5lOMPRpizWhIRmpc4Am0rXZOxk8JOVHRDE5Rcn0genlDnuDiYAR34IN5TbSIsl2KoPmRspT5PobHTdLQPVYBxJUaJvBC9p4d0yboujhbyVJRl7DOVaTsDxWADxsh2M92AxN6tQN80oe/W8eadvRWEecbkPsMyGNRIC9oN8I8lNwS0cbBqtK8hePfa4le1KoCqrYloEpW0glWJy+lUHiESleOymGHR4uxV9bGnyClhsRMBL5Eg8TO0sDHxAt6LnUtK0eNqgceHiUPVoB9MwLlVbXpibMjXqGdpQjj2Ts5fNTQBxdMWZE2DLrrcmg0YeqUO95C2lf2YBuH/RB1vZF3DmlMspuJkngEdFfldDSblPavsjWiQWn1VND2YrkX0t8yrRypbJuBcW2QVTdNXZDWpsLg8PjhJ6btR79EM8uaVD4Vx7HGCFkTpQ2DsEXKrHSEfZFcvZXJrAfIwVKFQ1WAokyYRODwD6hho9UdkeRuq+J1mfutcMO2myGgAJXKhkhblmRsYATdyOrkNtshcTjYFkudXL5IkqLk2x7SCq1cnlUe9TDK8kfVu6Wj6laGhkdJmzdR73SuRVIUez2VGo4OdZg68rUYmkxkaX+fKoBjwiPRQdQk3UpOy2PJKHTGdJ9T8r7K78dUb8TZHXdLKJLdii8NMeIlBNlfNf7JMufmB6afRe/jCeV7VpB7SwmOWnoenkV2FwgYP8A2G3z+qNszzQrUaI+/DuvorKeHaLgAHqd14cQzZlv280sp4zW/Qx3iBOu1mgc9yVNyXZHk5Gmw2J43/3CCxmam4FkZgaTIEie5QmbYF+rwhumPke60r42S1YB/wCQkwUZ7mW2MHgKltDQ2HNk9QptGqXFxaBzB+inTsNi/FlzPzD5KWWYqSS4bDdFHCNfLWve50GJaADHqghhYltwT6JJQadjJqhgx4e2CVPBuDRpPVKG0HtOnnzRtDURdkne9pRg5X0ZpBddjR/7ALi0hesrNf8A/F30KDxeKLW6SwNBvyT9UC3EJ5zdgURzVaRYheObZJcZnugAfEeOyjhs5ndMmmMscmNXVLgfNQrTFlCjiA6yOpiTEJrFaohgXy2+/IKyPtFljBVLqbwHG5b0Wkz7HNw9Mu5O3cr5zRxr3Pc8+IumeyeLd6IykrobZfjos/5/ynIvssfRaW3d6BH5bmRpu0uu39l1RlYDQ6VyJp0w4AgyDsuR8kQ8WfLH+z9QJlk3s7fVW+EbDqtWy9zspuouI1ASOyjhyzlG2HJCMXSJ0KbdP6Wj6JDmWKlxGoRO63eCy1jmtNRvYji/VIc09iS8E0H3BJ0uECJ4ISeaLdGUGhPktMEPLmhwERI57JrhdIvoaO4ACswuWClS9254kE6jsCe0qVDDcJXL2UoJoVHRaBKKE23Kopjj6IoRu4x0hKmO0e06YmwvvsvH1G3DpEbG/wAgpUsW0cneP4XjqLTuJvN4Hot30Ytw9EPaQBsRBm0jg9VE1922mY9e44RdAwIFgkAo1G1HEBtzOqbbdN1rAOg/qi8N4gbS09pCzeJbXcL1A3rA/tU4LNqmHcA862XE2kD7hZsNDTGOdTc7UBEWI5HbqvMtptZJ5edRPUx/SjmFVmNpObSdpqAS2bX5HrEfJKMBmjgdFVt2mLW26jg2UsjCl6NlQqRsm1GsCLwsnh8b8k3wmJ7pceWmJKIxq0REDn1SjF5W/cOkWgAH+UzFVe064M9t/wB00mmIrQvq0YtckCxm8+aENV7gBUExsTIPlI3Tf3Ek7H6KirgZtUd5FvBjmd1R7AmLm0mgzp1HzmE0pBrgARBG0rOZjUqUTfxNOx/lFZJmhqOLRwBNxz0QjOKdUM4urH9TAtqAyBq4PVZ7Mcv93LhAIEkO+3daqm8AWSb2hxIDXEQSRHWFdqNbJpu9Hz/EVS5xJ6ojCKmnh3ukhjjG8AlF06LmxLSJ/wBsudo74y0MKRsntLEt06ugSOjSI336K4TpIBEnqAY9Fl/SWTa0Ic6q1MZV0U2vc1v6QXR1J6Ln5B7qxr0SYuzVceZAifVMcVTxDho954Bs1sMbH/FogpRiMMW2IVk0lRxKLbti7GUyDFjHIv8AVUO6pvha2k7Ag2c07Efyhsfhg0+G4Nx5d1SLQzB2Yp4EBxA81yGuvU5jUBpNh+6ZYaoWggiR2v8AVI8RTeQdO/EfdN8vrNDND7O5BO/kufM6VIpDbtjXK61R0uYIAtMb+YQ2YZ97skOgDnTaY4lV/wDm30yG0aYdtYC/mSmeYZcMXSArsbTqflvqI84/lciimuy109oS4zOaGLpOpupwYJaT1HIdwUvyvEamgODmEd5BjoU6wHs26hAc5jgJgixIPBaVVmWQt1trBz7ES0mW/LhUV+wWvRANLLzJPVVvqEkTz0XmPkPjgz9CoGla0qqSNZOm6/iHmOo6o2nW8z/aWsDubngq/DVIJBI7BYA0l2mRE9P72lUMhzr2ib7zBsisMNVuFQA1jnai0C25A47+SDMFikIveTugcwy0PUqGcYaSw1Gz5g/c/VEUswouOkVGkniRPylG17BTEmX4E06moE2VntBlpLxWpCQRLh3G/lZOX4PctIMmdz06HbZSwGKNJ+l4Dg6RHopySGtsWYfDBzWva6JHoiMNixMO369U4r4MOB0jSTPz7x+6jgcubHu6rRNzP/8AJWeK+uxOVdnUqzV5WxQ2Xrspc2Sx2oDg7/NJsyzB1HxPpu8xH3KjkjNKqGjTNDhcSLyiX4qOLeSzGS4w1WmqQQ0fCCZkyACRG0kI2sXm8jy/hPGbjGkK4psaNeDJi0dreqUUsIBWL6LgGuEvaR+bqI2lAYjFFw8PaUTlYDfzXO6eMnMzXEdOqEC/0SbNCxjSXR4iN7fVMy6bH0KzXtY2WkCbXVJoWD2Js3r1mD3lF50ctBsPIcBH+zftI2tFKv8AHtTeIn/i8c+azOCzKox0DxDlu8+nCozLD6H+9ptLRIMdOsHotH6Zstp8os22Lw7qdR73mCB4Wjy3nkFdhqrag8Jh3IQOGz1uJokVhFRjYBb+boHAmdP7JOa0HwmCP9YpXDY+PJfZsmPAgEk+e0oPFNabPaL8goXKcXVqHQaZf36eZNlo6eRF2/h8hf8AhUSclSQk0ou7MhjcJ7s2Mgr0URUpugHXTBce7LA+oJnyK3eC9n2tMuJqCD4XAR9LhA0fZ73NYVQ0VGjVqZ8JhwIOm8GxO8KkMbXZJzPm9TDmbbLk6xuXllRzWTpDjp1AgxMgEFcnNYxwo1ARAPMKDsFLiHDVylYzE0ajhILeg3lFYbNXPfrA7QuWa7LR7HmVtDdbhuAITDDYunqDZc6obkAiR5yktPHh35wHdDafJeig6qS9oBLOSdMdg4brndlUP/wNEElxJO/iqTCoxLA4aaRBnzj0cVnsTi6pLKXu3CoXASBILZuZjpyjsPlj3E66zwJ2/SB6XKyf8BX9A8zeaZ01PCfyncH1ChgcwtEA91oqtJoAlgjYa5JPmTskFbK8PiHuYyKNcAkAeEOHIsnjJ9G9A2cZm2nAiCdunmVVltQPcJO+x+yz+IyotcQTpIMEG5kW4Rvs/ScKhY6RIlpg7hO6aMP8xyvEN/8AZh6r7XNObmP0n7f9LH5njC5xLyS6TOrcHpB2PZfSsqxkiDcix80caTKgOpjTqjUHNB1AW8QIvbqipIS2j5j7K5M3EOc+pdjLaZIlxvci8AR8+1/pGXYSlSs1jWkgbN48wFbhslw9MEU6baYNzo8Im14FuOisqYNzR4TqHQ2P8H6JnICYS587KnFtGnVz1/bZLmY2Z1S08idvO2/kr35kwA+Hg2577oWmGqDsPV8KLNx/vosvhs5a53ga4NImT9gnlHFtgb/0ippmcWjjj3MBkX4dwZ69CoVnUqgDXtBnrf0uV45/i2kGP3Nu+6R54+pTrw1rnMcAWkcfqBJ79eoSubBxHdPCUWjRSboF7CY62kmEB+DrBxIioOACAfKDafVW4KoQ2XG/0H8oujiA7e3Qi3ySuMZ9mTaAHYeWgaYJ3Gx32I63+im3CwAYAHW6ni8xLSJba/iB+R7IbFY21jvdNGUUqBTLbxN7SEkzWsCdM2go5+IMHugMbl5cfAQbC/UxJiPlfollK+hkvsTUKdIPmIGxITbFZM1zCBulNbDaRc35byD+xCd5Nii6n4uDAPYAR68Kdu7NPrRhpdRqaSLtOx2I79QtLkmWiu7XUbpbvAkT2HQLz2mwzHjVpkj0TnKjpY0dguqM00QUWmaPA02MaGsAAHATFldIqOIRzKyqpAaGYqrnPQjKo6qZcnTAePpidl6qzUXIWY+SY4S65kwBt0tfvEIrK3abxKHx2JadJAG1zaCevb1XYR4lc2RM6IDT8G2o7WWg9mmFq8pbDIY0NAmejfXk91mGU2RIc4O6NB2THEYtxoe6B0iL+vLlz39lKGjs5pgEVKkAbOBEepIR2XDUNZI7eXCxGT0aTNf4iTTkNDRNyebbLRYPJMK+IphnQF7g71g/uUK3YXS0V59iHU3A/lJAMXEFBZNgxUr+/JI0RpiZJje3CNzH2dLGaaTtTSYIebsk2M8gI3AOYxop0jDR8TvzPP7/ACQ6N60LM4yxlR5e0Q/d1zfYc7JVi6ZpObIALTwZWwq4Y/EHE2Nnbwf0uj959Fn83eDWAj5hFsCKK9QsitTkgxqHXy6EJpluZhwBlLK2G0g6SWzuFblWVueNYdpbJgRwLbz26I2B1RqMPiAUWHLMlr6e8wOQmGDzJroGsfNaM7YrRfjcupVDqc06tpBIPbaxSrGZKNJ93Uc09wHD1iP3Tt1YJVj8wpjd7QfMb/NUX2C2CZdQMAOIlpF27SBHO02+qb4Zp02g9eqUZfib2/0pxRqNEeESNjZOkuxi5zo08TuPTdEOOoXKzGeZ2KYJB1EQInk9/K6Ayn2mJBbVHlH7EIcjUaiGEkjp6SvDVtG/qPukFP2iY52iwLjAj7n7Ji15AuIb1P8AP9qcnXoVbLKxa4aeSIj+I3S33dSANLiR2M/JM6VYOs0Ejl0W+lj9UdQw7RuxvqAoucSqgxDSwtR35SAN5t+6KrUCGxM7SAIA9T/HCbVWwOn+6IcEkXgn7d1PzNdIr4k1Zlc0wDmOkukO5jnobryjUDRHHbn/AH2CKzXEAudTLT/8SBvfjrsk2Jp6XRqnaY4JAJFt4Mj0VcdyVsTLDi6DK7g+ZIFv9yraeI8NlXQaI2Nwk765a837LohGzneh9TxbhynOAx2oLIUsSmOBxMHdVWhXs2NGurHV1n6ePHVUYvOABuq2iY9di77rl8/rZ87UYXLWahTqJE91fRqxdVCxIImf8CvADKWcSiY7weLneB0TmnpIguMxbzWYwjQTBTinRJ+Ex3/tck4qy8Xod5E8S5rg0lhgEgE/9p7hq5Jh0x3AI+Sx2TYCq1xqAt0zHxCSew5TOti6lJwNNhkkA6nCPkDZJ0Zqxtn7yBA+nlx2SzCgtA1TJ5O59N1ZmGdPaDNIB0fFIjzGxRGFLHta7Rf9RJuI5ule2HpBtKuwjSH+L9JBv9beaW4nIWlxqe9IAiAQDfpuLIwObq1ExwOYneJQtbHipVbTALWi4BsXb3+izlSAk7AH4MumCZ5t0MWRWAd7oCmdxe/c/wBoT8U4VyzS4STpnY+KxB6LzPMI99dmidTgJHre/H9IrZmjQCq1wusr7U+z7KjS5lnBH1XmkdIeSeek9lCmxz9YBG1y46W/M7IJtS12K1o+a4rL6wBJ1OEwZJ+6BoNIe2BHib+4Wxr492pzXaYFj0t0OxSTMdBPgaZtcAgT6rvhKT7RCVLpmtyzGhjNTyGjv9UtzX2tfcURDf1nc/8AERbzKX1qggazeBAmw/kq3BZTUqDUBpYfzOtPkOUj4x3I3klJ1BHVnnFs9/TAFRn/AOdlzx4atNv6TEEcEIzJ/Z2vVbqPhaf1TJHXSLfNOcgyRlAFzbu5dzHTsOy0+Fry2TI+6hL5F2saLrD/ALYJkWUfh2CQ0vPxOHNu+w7JzSa0tOtrfUIX8ZPFgr6dWd1y5OSlci0YqqRzmt426BR97wpc9lTXLSOOP5UWx0TcJuhqjGheVK/EpVmuZBjTe61cnSDdAecYwNm3kPJI8G3WHONmtEk9OgHUk7D7AxY91SsQGCS7YzsO542RTcsrsa0VGENEwRcEnk33iB5AL0cWNRic052zzBMJEGfskONqeJx4k/KU+fiCxhMHY+azrsYx4OokXvsfurYVeyU2e0n2sYV9PFObz80FSqs2b1JH+9Pqraju8q7ROy85m8dPWf5QOKxb3bm3SIHyCi5hJjf/AElVuHA3/YLUhWwR1YzuvVZ7nsvE1A2aLNcJ+YbHft/X+6IGmZEchaHU02SjH4EtOptx+3muTFl5Li+zqyQp2iik4tMplhcwtB2QNCoDblXOaOUZxT7BFjuhjpdeLkC3Tp84lMquaNPgJceIED5ABZzLvFcxfb+00oNLYcQD3k7dlztU6KdjBtU3J2i0wfOUbhKzS2APCfhjcdkkpVj755pteQ4DgATF+26tosex2stfJFwTb5CyVxZi/F0oEtc8vbuHHieBsmFLDsfpcQQ9seIdAduiWY17nXbv06jojMHjXNhoA8XPKSvsaxzW0fDsd7Ta/XlKPaDE+7pNeyNZMF3Pkrv/ACLyYgRMShHVRVhljBdM3TqQtCHPKrwGaXES3xHkk33SCsah+J09CTKbe0WGLQXCDF57D+lm2PdVeGNtNrBdeJRqzkzJuVHtWsRu7+1ZgsI+o4BoI6E8BPMu9l6ZIL3OnkWv2JiY8lp6eEDGgAbABSyfLilUCmP4jf7CfKPZsMcHOdrdNpFvrutR+HERAKhh3tiBxz/Cr/FAP03K8+U5Tds7YwUFSJYyGNtYR0S9uOcfiIG1ibx5KedVCWkApHh8TeHgOG1/sV0/GXYs+jUUgXNgHe89giKLotIjiPugMNTs3S/w/X5phSoMALdRv5GCq5cKnv2JGfEs9/3CprYmNo+yFrtbTcAXFxOwjdDZyyo4aqZ23ABNjzZQj8eVDuaA8wzXTeNRPPQ+SV4c+9drqDUOnH+uvKbLw8TzCZ0qbIhrAB2cfufsqwgorXZOUrD6OHayNFgWsd5S0H9yiMRiCALpU7FwGkRtH/1JH7ALx+LLhwPVZp7EPMY9sXtIv5QshmmBY34HSSdug81ozTE+NzS2ZIv8kDnDqQYA2C7qABB/eOy6MP4k5uzP0bL0FWUWFzg1ty4gDuTYItxp0r2qvGxg+7b3v8Z6bD/kursi2RBNKkXGz6vhYTwy/vHeRs2eZeOFHKsvdXdAs38zuvP+CswuBfXdrqF0Hafid/xnZvfYfRa/CUAxoa0AeSllyqC/pTHjcnbPaGBaxoaBYLlZrK8XD5Z/bOrxx+hQKbVBzFGkwtG6kXIMdC/E4M7sQdV5NjY/un7DNlRisI124v1V4ZvUiUsf0KsHii034Wny3D6mipUuTBA6DrCzWIwhYPhDh1RWWZ64EM0iAODBt5p3G9oS60zZ0qgAshsRVeJtqHY7ehQdPMmEA3E9UW58mISUYWfjPF06g8FECvVcIZpnkmforjhhPj3XusN2SyQyZOhUNNml8E7g90FRe4VA1l5M+Q5lGVmMqN8W8WPRL8DjKdIFoku7/wA9EnAbkVe03wubqAJBAnk7kTwgckoU2gavi/ndeZ14iD2QVKoRCo4vhSBGuVs22DaQLQAbhEPqAbndKm5q1rRq6Lx2Na8SJI6rgcWddew78Q1QdUEgxB+qpFZkCDsqKuOH5d0Iw2ZvRZja3A3+qVuw0DobquviHsIeWm53OyY1WSATyF6GGHFHNORHK8UR4SmDcRcfVIGhzTf0RrcV381eidj2o9pc153Fh2lD4/Mvd3HWCR5JfTxBPwlEfhQ6dTo5gd9t0K0CxTisaajg4+n+CJw9fy43IHyTjD5QIF2//UIbH5DeWn0j+LKbxXs3IQ5ji9RA/wCtyfug21t7kDaUZj8CWu0kX3B7IJuEe4w0SOenqdgqRj6EbPHPMwVWMI517NbySYE+fJ7CSjmUQ0wGmrU/SJ0DuTYu+g7otuAe69V3kxpAgdJAho7AeapqO2T3LSFlAAEtoMLnERq5vYx+hsWn4v8AjsmOByAAA1HAu4G7W+h3P0801pUmNGloAHb79VNQyfJfUC0MFbke0sO1u1zyTufMqelQAXl1yN32dBPSVyjqXLGElVpJACtFPqvQ3opp2wFYIC8c5euChCwx4HofFYNj7xB6hXOCg5yaLadoVpPs7CYg0xpPiHfcdkRUzstbIgdv7S+o5DuerKV9knGuhvmWeMcxsEuNjA3Qr821cQkeJe0GSwHuPCfmF7SxjeHOae4n6hX8SqyXOjTYHEknoPNRzxgadbTYwY78pXQxj/y1Gu9R+xC7ENrOEuM/X9lN49jcjnYie6pLrqLGOnaF6GwYKPE3IaGqwtGp/wAmkn7KP4+mwRDn9vhH0uUE8eGQD6qhxkJVBfQ/kf2HvzKmRs8dgZHzKBqZoR8IgdrfMoZwXPolNHHFegPJJqrKK9cm602TZj7ymAZltisw+n2V2WYk03Hoe8KnETkaatXIsdu6qNYeYSjEY9zj8YHQAFyi0VHcvcOgGm6KiDkNzmgaYaC49B91W/GOmdTdR/LO3QdJQdLBVOgpt7kCfM7q12BpAaqlSwFw0SPmhxs3IPw3tG9hAdtze60uEzZpbqmQdufRYT32GDdTGOf0LzAPkBwq2Z5UjS2GNHDRH1WWNheQ1NfEuc9znBrWlx0648hAN57QrS0OEuJcOB8InsP+ljsHUNSqXmTG3mtVh6stA6IZfwjfsWH5SCmgCwAHlZSCqCkFwNt9nUlXRYVGV4vUoTtRCkKqrIXqxi6QuVQK5CjC5lVd7yV4uVKMcXqDqi5csYqdVVT3LlyZIxRUehXvXLlRCMFxDZCWFcuXZi6OfJ2Vl0XReHxTpkOcLbSYXLk76FQxw+Y1P1k+anTzKXEeEkby1cuUfsoEtxjv0t+oXv44/oHzP8LlynzY3FHpzJ36B8/6Um5m79A+f9LlyPNg4I8qYxx/K2O5n7KlpjZlMf8A6rlyXySG4InTe79UeQC8OMY1wa97pPn9ly5PG2xXpHntJV91TboEFxieYjgqnBiKAa+8yTN9zK5cqR/UR9i3G4mTAsAqA7gcrlysiRocowtgB6p4ygQvVy4fkt8qOnCtFrWlTAXLlyFyULiVy5Ax5dc6Vy5YxCVy5csY/9k=',	'肉麵有分為小辣、中辣、大辣三種辣度，麵條有拉麵、寬麵、陽春麵三種麵條可以選擇，麵條給的份量多的，湯喝不夠可以續加，\r\n整碗麵除了有牛肉(牛肋條)之外，還有蔥花以及酸菜。',	180,	NULL,	NULL),
(14,	2,	'藥膳豬肉鍋',	'https://scontent-bru2-1.cdninstagram.com/vp/962a3364c9b5ffd6bcb21652219eff00/5D003928/t51.2885-15/e35/43914916_254745228523255_939545316886745566_n.jpg?_nc_ht=scontent-bru2-1.cdninstagram.com&se=7&ig_cache_key=MTg5OTk0MDg3NDc0ODMyMzM3MQ%3D%3D.2',	'除了有豬肉之外，搭配上藥膳，是屬於濃稠度稍高，帶點甜味的火鍋。',	190,	NULL,	NULL),
(15,	2,	'偈亭素食鍋',	'data:image/jpeg;base64,/9j/4AAQSkZJRgABAQAAAQABAAD/2wCEAAkGBxMTEhUTExMWFRUXFxoXGBUXGBcdGhUVGBUWFx0VFhoYHSggGBolHRUXITEhJSkrLi4uFx8zODMtNygtLisBCgoKDg0OGxAQGy0lHyYtLS0tLS0tLS0tLS0tLSstLS0tLS0tLS0tLS0tLS0tLSstLS0tLS0tLS0tLS0tLS0tLf/AABEIAMIBAwMBIgACEQEDEQH/xAAcAAAABwEBAAAAAAAAAAAAAAAAAgMEBQYHAQj/xABBEAABAwIDBQUFBwIFAwUAAAABAAIRAyEEEjEFBkFRYRMicYGRMqGxwfAHI0JSYnLRFIIzkqLh8RYkUxVDssLS/8QAGgEAAgMBAQAAAAAAAAAAAAAAAAECAwQFBv/EACgRAAICAgICAgICAgMAAAAAAAABAhEDIRIxBEEiUQUTMpFh8HGBwf/aAAwDAQACEQMRAD8AxVALoXUwOIBdAXYSA4uwu5V2EAFhKUqLney1zouYBMDmY0CdbN2VWruy0aTqhGoaNPEmwWx7mbuf0NMioO8+HPcYgW0HQKMpcVsEii7tfZ7WrtbUrO7Kmb5Y75bzvZvnPgtS3f3To4ZmWiOpJMl7uZPyUtgmBwzZbHQaW5p3icSGthsZtB06lZ5Scu+h0Rz8BN4AcToOA6pxQwFKmcxFxxJ98I9DujWTxQLWvu4SOR/hV6WgHWF+9BIjL+aNegT3DYNrB3QAFzAkBoAEAfynTOIV8EuwFAOKO5s6JOkbwl2qwZxlxB1XXMkI0INeDoQecHRMRjf2x7ghzTjsMzvt/wAZjR7Tf/IAPxDjzCxAhez8Q1psSL8Fgf2pbs/0tXtqdMGg83gCKb50/aeCOSEZYrPuTsjtnVHloLWjKARYl2vuj1UW91M6sHiFpux8IzC4WmzRzhncOMuvfwsPJZvNyqGP/k3fj8fLMnXRUNtbpC7qXdd+Q6H9vIqp0qBLwzQzHgZhbXhdnPxNqbS+eIFgep0Cl9mfZBh+2FfE1HPdYmmzuszDiT7R4aQqPCzTkql19mn8jgxR+UNP2v8AejNaNBrQGgGAI4JQU29fRbJt/cHC1af3TW0Ht/EBII5OE38dUSh9nuCLG2qTAvm1trotGTLHHVnOsx91Nsam/iqpiMJkLw48O7+q40XoDan2bUi2cO9zXjhUgtPSQAR43WY73bKfRp1adanlcGyJ43F2niOoUsWaM+mJ7M6eLJFXfcnco4kf1FaW4ZvWDVPJvENHF3pzVgx2wdnFuX+nyNaP8Rr3Bw6kmzjbiCtixtqwjhlJWZSAgXJWvlkhk5ZMTqWzaesQm5VRWAlBcXU6EKUylMqQBSgcUwFAF3KiCojColYBoXIQD1I7BwYq1mhw7gMu6gcPNAGu/ZlhxSw+WwPtE8yePyVhGOZVrZLOawSeRedPQA+qZV69MUIpkAWa1rYBJ1y+MIu3ttsp0YaQHQLRBA+gsmSa7JEltfbApgNbBe7Qck1ZiSCJPQ9Sqbu3iXVqrqjtBZqn8TmN+XBVKTkm2BZHuJEDVKbPcXHwKrWzd4AAQ/gbOnUW5mZmR5Kb2ftKmXZgSA6AQWkCeYJEEKpTT2mCTLTQaAEeu6Bm6+g0TP8ArqYLczwCTAE8gTHuNyo3a21HOJp0ngAAFxbBmeAPIBalNRQ4xbLCHynINpVDo7ZqUr5y79Lrz/CLiN5S9pMkN+P1KjPyoxVscoOJN7Z28CCykT1dpP8Asm27WNDA95dIdAA6i8+9Vl2OzWJABN7Xg6K14XCMYaZDdSRLr3iecDjosEfInklyIi+1MWGMfWnhe/CfcmO0zSxOF7JzXVMzcrsot3pPHSOfRNt6MTkDaTSC55uwCTA4iNTMBOdkbCq1GBtf7tkzlbIe8XgVDwA5DndWYpS5tGvHgh+vnNmP0Ps5xLcVRZ3arC7OTTMltJjtagIETYQJuYW1bK2PhJuzPUGvaCSPBpsFWKu+jaOOcGMaaFJpoAACXOF808s7QPC67up9oFSsXitSbaO+y0gzAIvcCOPNWznyV6bRTjm43GLNHptDRDQAOQED0CM5xi0T1UDT3ow0ta+q2m5xhoeYk8gTxU2x8iQZHMLM8+W7Cinbw7axDS5j2FjY14Om1jx1TI/apg6TAwtrPe0ZSGtbGZtjcuFp4nVON8toNqVBRmWsuY4vNrngBPqVnuz9msOIqua3uwMsyZze1r4A+avXjylH9mQslF8VRdNo/aqKbgBhnZSQBUe8NZduaxg2Fk1G3H7Tof8AdYekyiQHAEkuIBMnMYyt9m9pvwuq3tvC9o+jSy/dsJc/llAgA9SfgeS7i68QxshvH5D4H/hbPE8XHSm0PHjvb6JPaO1zUilTgMAs2BECw00AVO3px/Z0cjSC5/dPQcT4nSOqmdDPExB9fq6oG38Z2lZxGgMTOpBgn65Bb5MMsqRDOF0ROXCUk9iqMYmgguoA4jNKKuhIA6MEVrZTpjcvU/BAAbSDbv8A8v8APJT25WIc7FNyszRowQBEwfOFXXtJVp3MwdRgfWAc02g/mZH1dRm/iwNYo0Q7EUzlYKbA8mNe1gNHSMpcqFvTjhUxD2lwawOgSY7rbABXTZO0W1Wtyt74nueV/Xmsv3ipluMqZ4k1SZGkF028JjyXPfz9gXXd6kGUpGh0PNH2pjHsph9Nw7xLHNM2MSCLp5s8ZKbXjRkBzeTTxTPebAsu9rrOIIHC4Nx71CTccehormHkmZM85v6qedvPVdT7MkB4/wDc4lvhpPVQeHESm+0WSDHJYoSalQ22uiwVt4wKJpVC57pDmOEDKQbgmZjkdUfdqrVquc5lTvCCWOk5hpIdMgjQ2PBUCniDodQrDsTafYPbVnpH5gdQtLTi02KORqWzQsPRDpfXGThlBmTfXkm2E2I6rTe6i8PDTGSO90gzf3aKOfvNh6ohznUzzLZj01CNjt4GYZubCYmmSSMzcvtAazm+rpTSn2XzcXHs67BYijUY2ow0g4kCqS0sBIOpBIHgVOUa4ptDe1NUtIOcnum3DVUrevfqvXodnFNoe5s5c0905tS42lo4KK2ZvQWOY51NrspBI0DgOBVaw0viUc17Nu3Zwoc5+Kc3vvgAxcNHInSVzfveH+kwriLVagLKY4yRd/8AaDPjCyrCb0E1O2FeoKgdmjvHW4aGzlgezFrRrdI7bxGKx1Q1qrhpDG2DWgcACba+K1/sUY8V2EstkTh6wEEzqrdu6WljssCXTANxYa+cqlPoFo73dIPE8IXcPji13cMR+KYJ9NFnSfaFDJxdsmt4MYx1ZtN8ljS4nKeIaQPGLz4omwMdVZVptbVezNlJYxxABdmdIym4ygSI4jRRrcU15MtEumXfiJIixT/YzR2rbXp0Zc4kaklsdIutEWmqRdH5slq2Nc57+Mk/GJHXquU6/ZubfUQba94rlKm2JtJPuEfP4JttiuGU2mbkuAE6WBnx1XSzwuHFf4N0l6HFfHEEwJEx4nSPBN9Zk6yb9bz68lHbLLjqZvabm/Xhx9U8eY4CyuVRSihNVoZbx4sUqJgjM7ui978fEC6oQVg21tFlaqWcG2BmxPH+PJQmIoFhuoydmDLK5CTV1BKUWAmCYF7+WlkisT7MFBHXEAMwjNCIAnuGpKIBqAgW15p1s7BOrVG02wC7idBaZKeYPYdaqzPTaCJiJAJ634Kw7tbsVqNYVquRrWg/ikmR8kddiIz/AKHxPbNpmMhuaomABrPI8le61JtBrWgWED+2IhPWYxzoDRY8Tx8k3xVEvlvL8XyWSXnYFasB6xzGjtGtBkWgEERcmw5TEqN29ugK4FTDuBee9lNpm5LDz6FJM2jVpQypTzMnW8luliOMKw7NoDKHUX56br5DYt8DwIWBZYuXx2NMrmz9sgQ2s0scB2VVptI0zJpt2sWUxR9oipmY4caZaT6WVm2z2dZhpvy9oNC4APHQn8So2KqupmmHtkU3d3q2D8E3NPQ0dwxm6FYKPwPce9oJLC6WTrHI+5PXvWWcOMhsrWNokVIHr80ftpgcBYJTbZh3iExw5XRj8oJsqZKUimeJddLsKbVLkqEVsKE6r0ekMxDZjryTZ7rldwz7uPRX8dCotmAw9ANn2rWv5ymdfHwbCBNhM+8pjs2qUUtkzwHxWdY25PkT4itcl3FEawWlL06ViT6fXFdw4MwhuuhNBSIeIVh2gxrKeIrMd3qhZYa044dRMqJDJrN6An0TLE1C6o8XiQPRaMK+FnR8PGmrf2WzYrXGk3MZkT5JjtzFNGWnqZJ8AbKW2f3aTf2ge5U/aDS7FB0dxpaPGDJj1XQU+KsvbqVlswOzzlFuCZ7yVXUqTyGlzotAmDa9haEq7atZ5LKHZ5QAZ72YEiYhwAkdJ8UjRfXbIdVqCdWkuAM9AbrNLPxYmuS0ZrTMmZvrPVS1N3atyO9oaFWzHbIo1W+yGvmA4CIPXmFXsVhTBBEPZr1HEfMJwzJmHJhcSEewgkGxFlIjABuG7dzoLn5GMt3gBLn9ACQL80zrNtN+vySK0FB0lBFhBACeHYnOeERggIj1BsRdt3NstFJrbBzbEfNWAYsvA68OTVmGyKTn1mNBiTc9BcrUMBShwHIDyXP87I4rivYyQFYNbmOjbesIlHaDZNiZ6J/RaANLkrmFFvM/FcZqxAoY+mT3rCIuEz2rh3tHaYeoRyDTpOsDTyU3TIzXvLfgUlj6DIBDQLi4t8EJVtDrRDbO26yt9xiw2dGVNJJtlMaO8FW9rbOfTqOpOkgEls8WnQhWHam7LsQ8BjgCdSRp+q2vuUrvDsWKFN5cXvpQ1zyAC5ptJi0gx6rZFN4+Y4xZnL6UWXDWgXUptKkBfioDFvUsfzGxhtivLxHL5ouG0TOsZcU5pLfxqKRAfcEnSF10OsivKqS9Doa1GHMUlTJnxHuTkJGm3vx4/EK9PQ6JPZrdPrgUrQZ3nDkShs9vwPwKc0WxUf4/FZ+W2Toc0adk2cyCpTKABKjK+IGYty+cqjbeiMojjBU7l54UyfOQorBgkuJ/N/CmcUclJ2nsgH14Kv4XFgT4rZjfxOp4tRgi/vnsmtaDcCY4CBf65qI2hhmgi2l9PEfIJ/soipTDszGEgND3GSBbugW89PFJ1MI78RaI/E1pAcJniTBUZZm2SaVkKGuouFSmQJF2k6kX7vPktJ2HTp4/DgwO0aO+OP7m9FTRs8PdJgcs06Kx7uupYMtq1Hvzz93Sa72raugd1vC8yo80yEo0tEuzdRtNpfiHtawWbwLjwP8AsAqBvXs4Nf21KSzQzqP1HotL2xQGOYKocczG3p6gTqQOR5qm19mkAtBOhEcI/hFpPRCnJb7M6omHFpu32gDoeIBHLgrI3ZWGeA7smiRIykixHQqu7Ww7qbwDqJE8wDIPvVj2BXeaIFzlOX5x710IyuKZhqpNMRO7mH/K7/OuqVNQ/l/0j+EEcmPihTbX2WtLC7C1jPBlUW8MzRb3+Szfa+yq+HdlrUnUzwkWd+1ws7yK9CYbadJ4kPaQevwhLY7CU6zSyqxtRhHskSPKdFUsn2R4mFbl4Elz6pHdaIB5nWB6LQ8JTgDyUidzm0mFuH9ngwm4vwJ1801qUnNsbHkuZ5XOc9oXFjyqcrQfBcps4JniMW0MA10RqG02zoVicWLix/hJvJu2R812u17iGNvOpPAc0hhca2XEzcqXwkRIGvwVmDA5yp9DUWOcHRDJjW0nibQme3sfTp0XipoQRHMkcEXam1GUW5isw2vtepi6wAkgmGNHU/FdKVJUjTjhY3xmMzWTCo08eCk96Nmf01YNDszSxrg6ReW38O8HeUJniNJH5R7rfIKqMeJROOyBd7SXa+EhUs4p9QBIWuXRCjoKDgjBceFTZJIRy+KDKf3k/p+YSjUaYIPkfD/kBS5Dokdnt+vJOcOPvHW/L72hI7MF/MJ7gR33H9LfhHyWXltkiSa2ygcY37yw1MKbw782YKKxdGHjxUIuhsnaG7FbGtbTpOa0SMz3T3ReIAuTfpor7u99mOCwwDjT7V9u+8kmfzNGjT4Ceqgd1dsCg6m3KXGpIECT3Y0A/ctLZiSRdpHTinHPS42Xb4oxra2Hp08dUaxuVkyAeBAg69RPmpigWht7yLg/BOd9tgValXtaNJzjrYceIVRxBqju1A+mdcpEGx/UNJUVkNUXaJJwh2W3MOi4tZM8WwEyAc0XN9fHmo3E4p3tG1/VEdjHRE2V8BstGx9qOpuBD4LfAyDzHLoVLbXxtOoztacNP428ndOhWajE5SXEmYFueq7iNtAD2rnVTp+iDrtiu97C59PSZifIobtYizxJbcHjxETr0TPGVC4UZtmJPkBA+KlN1cN/jaWc0RefZJmy3YVWMwZHeR0Sv9V+sIJfsP0j/MP/AMoKVgZ3s7az6Zljy3pwPlorvsXf6o2BVAc3pErMSU7wGGqP9kE8olVzglsipWegdk7do1x3Hifyk3HiE5xdGnUs7XmNR4FYMxlai4d/I4X1II9NFdN398HthuJGYfnbr/cIA858lTJWiziTG1sK6g/K8fduMNqcA46B35Z0Td1AtV1wOIZVZIyvY4cYII5FVjeg0MKWgOsdKIu5o5tOgbwg+SyZMWriSivTEcJTlwCslas2mwlxAaBc8gAqVsza1Sq4toU2g6y9x0HQD5ouNq16rsld5aeLIAED4+cqeN8IXLsn+pt6IHeveF+Jflph3ZDSAe8eZXd1HijnrxNVgJawjhBzED80EwP5U9/6Tmb3ASecWTPaOwK7R2o7hb+IkR5h1inzcukWOFKkysVa3aNLiQe8csTGQEgEeJk+aUI7o8FGMqEOyQBFoGnK3RSlchPIqZRnS0/fsjTSl6dBqIyoMyUzKUmyhBSEQrpN10NURgY24S9emA0kItHVFxlXh1hG26GSOyf4+Kd1Ja4+CjtmvgqSxzhI8P4WSdrINdAwNfvFI46uC4cU17aDIUdicXBlWRxuTH6Np+zzBBzO2IuAWNPR2Uu/+Lfer7QYOKgdztm9jhaLHWcGAu/e7vH3mPJWJiqhi3bLekHgJKrQBERM8EZ4i6LnVk8lOqEkRFfdXBuJLsPTk3kNAM+IVc299m9Ko0nDPNJ+uV5LmHoZ7w8b+CvgdZcaJUoST6JcpL2eZ95ti4jCPy4mmWzo4ew/9rhr4aqCxOPa5wDabWBvEC7jzJ1K9O71bLbicLWouAOZjgJGj47rh1Bgryi0eq24Klf+CrJNk9gaxqVGzcNFuism70Bj3ZgMzzEjgABy8VV9ndxpcRqLK57LweWkwSQYkxzNzw5la6qNFUdux6Ko/M31QSZpH83uXFAmZf2MgnkpXZG0KrKDqbe6C675ghpE5R6aqPY+J5EJ01w7O3n4pT+mRxq2dY1pcJs2Lnj4jqn5LYABLiBJMZbcNblRtGpczysUcYmAByEKLjZdGVFq3H272NcNc49m+Q4HgYs7xtCi9q7UNes+qfxOsOTeDfIQonBYZ73nKPZa5x8mkoUHSfL4qpwSdolFlh2Hi3ioCwHNNgImea1M7MbiKbHPYA4Qf2niBzb8Fnu62Kw+Eour1zLnewwe04D4CeJSL/tDxJrMqAhjGmRSb7MdfzHqfcq+BOUmzQ9s7RZhYYxk1CPacO6PDmVQtrY99Z/eqEnkeHQDQK2bXx1HG4N1akRnY0Ocye8y97cRrdUSnTvf2gDFzcWi487qjK3ZbiSr/JHY3Z5c5ha0l4dBABOZtjI5lTuF3Or1BmqfdjgDdx8vw+fotA2HgG0qTRHfLQXu4lxEm/KVI9jKzT8p9IpnBSlZiu1thOoOmCW8SeB69ExC27G7FZVaQ9sggg+B6hZHvLsN+Dq5CczHXY/mBwP6hInxCuwZuepPZTkhW0RDX96D6pQvRHUw7VMsQ6LAlbFFSKh66vHFMa1c+9L0sFUeR3SAeJ0hStDYTTqCfM/JJ5MePtlkccpdEbhcWQQphjKlQiGm/HgpDCbFa0ghg9FZtj7JLnAALn5/LhfwWy+ODW2N9gbotfepLhx5e5VDeHYnYbRFAew5zXsm/wB2bwfAtcPJbng8IKbQ0BU/7R9l/eYbEgew51N3g8S0nwIP+ZRwZpRb5PbT/v0H602q+y77t47PSE6i3lwU0DCoG7OOyWOhCueGxoMaFV+NnUo8ZPZbkhTtEkTISQkeC4KnVHdUlap472UrRwI4cku1CI6snCPHdgxVxuvMu8+xxSx2JY0yO2eGn9JOcn+3Nl8QeS3TfbeD+lwznhwFRwhk8DxdHGJ05wFiDyQ11V5MkWBJJAPxcZkniSVu8SLbb9FGVhcBQFarTY0Zmt7zrEWEW8zHqrRiqDHNLXNcARBg8/RRuwtmupsD3Ahz7m2gjuj5+alKdd+g73S3/K1t2yCVIgv/AEh4szF1GtGjSHSBysYXFPuxf6Pd/uggejMoOhsRY+KQfULbDQ8E6xgLXkx4jok6jJEjin2Q6E6dbxUpsbZlWu8NY0mePJQ9I5HSdOPgtt3UbTFJmQAWEws2ebgtFsNnN39120KTgYL3Agnx4BZptbZjqNQtggA+gW6t0URt3ZVGq05wM0WI1WGORxdlxjQqB5OblYcgNB6IUWADVON4dlGi8gSBw8FGNpOInOAPEStcWpK0PlXZM4LabqYOQ9I0kHgeYUlu052IxLKZAgd98cGN4HxJA81TXHhmJC1v7OtkijhmvI79aHuPHKfZb5Az4krN5XDFBy9vonHK3pFwpJ4xIU04aQuE5bLUhV0Ktb57EOKwzmNjtG99n7h+HzEjzVhkrgCnHJLkpL0JwTVGA7E2e6vV7MHKYkyL2IERzVxG6LKbZygnm65/hN97sH/RbTp4hoilWdmng18gPHqQ7+48lo7sKHt04SF0fJytpOL01ooxxSKLhtjFzoAlWjZG7LQJeJPJTOAwgboApGmyFzlOv5F7bfQwZsWiR7A9FIYTBtYIAA8ErTbCXaVPn/0RoRqsURvJg+2wtWnF8uZv7mnMPeI81N1E1KrU6mS9GYYTGgNF1KYLbJabFVbeNn9NialLRs5m/sd3h6THkm1LHqyfiXtGmMk0a1szbTXe0YPuKnKdUEWIjosTZtot4p1T3te3RxHmrcX7oKmrKp4k3pmxxb5lQW1N6aFIHvBxHI2Hmsu2lvjWeMnaOI43sBzKimB1a7ycmsG2fqeTenFbcWDNl1/FGfI441t2yT25tp+NqitUtSbam3n+oqPwVE16gfH3TDadHuHDy/2SOY4ioKNOzPxOEaDWFb8NlpsDWQ1rRABB+PP/AHXZUVCKjEw/ydsROL01F/FHbVa7k70n0N0Z9QGZa0npGqSyMkHK4fWnHnzSJixycj6n+UEn3Pzu9P8AdBAGcbSYcwJ4j4Jkx2U9PgpTGtJbe8XUapIrYZzAeEg8P46q57nbaLAGkyBbN04ZuR4e9UcEt0uOSXo1C3vMMc/4Kqy4+aolCXFmz/8AUTZAbBPjYeKaYnavEmSs+2ftwBuUtE8Z4+BXcXtaNCf49VzJePO6ZqU40Te8GKFRpDhfgqLVACWxW13ERMqPLXOOhW7BhcFspyZE+gOdNhxt6r0FgG5WNaNAAPQQsDpYU6kx4Lbth49tSkxwPALn/l06h9b/APCfju7LFSclgUypuhKNqLjcTYmPmFGgFNG1EWtjA3ipWorYXfQ23j2JSxlB1Gpxu13Fjxo4fVxKV3ce/sGsqAdpT7j40kcR0Oo6FNKm0TwslNkVzndP4h/qH8g/6Uv3ckohw9snKUJwCo4VIMJ0yqocthQ5LpSgcmwej50ubYUHe5NHuulnPTKpUuhK3YjNPtlZkfh6wFnNdTcf2kOaP9b/AEVEw2Nnitg30aH0mgiRngjxa7+FlO2tgMZ32PDP0uNp/SdfJem8XEp4E32ZJZXGVCFXEEpFhc4gCSToBcnwCc7L2FWfDnEtbzM3/aNT8PFTbzRwo5v5avP7uDR0WmGBIjLO2IYPZIY3PVIEXyzYfuP4j04JjjdodrIb3aY1dz+uSSxeMdWMvs0aMGg8UXA4Z2KqtpMByC7o4NGp/hX6WkUd7ZZNzcOGsdWc2A7usB4MB18SePRWBxB0keB6eKXdSYxoY2WBsW4AAW8NEUUJ9kgjiIjzCCQ0zNdIkEx0B98GUm+h3rG/n16fNLVsO7MDEwDOXjysUUUi3mDa9xIM+UJBYmKb/wAw+v7kEc1ndfVdRTCymGehHUD4qDxVLK4j08FKMa6bOBRcZRc5t23Gh+SS0D2REIjmRcWRygpEDjKoPtC/NKVKUjWQkKjEVlUt0QMUp0QNU5Y1EpYtv4glKhZEtN0COOlS2w9tmmezkgajx5KFbVSdbCPBnS6qzYo5YcZFmObhK0aPh95CPxKSw+8vMysvoVncbH4pzTxLhxXHyfjY+joRzwkaoN45sElW2gSdVQcNtA8VO4XFFwBnof5WWXhU9llxW0WCniUvR2oGObP5h9e9QDaxUVt7Flo1hVR8ZzlQ3NezX3u4hFFVQe7m22VsNTqZgJbDpMQ4WIv1RsVvFhGe1iKQPLOCfQSUn48pOq2U80iep10sK6o+K33w7AXMbVqAcW03Aer4ChKv2iVqjgzD0GNc4gNNR0mTYWEAeqnj/G5pdR/sjLPFGpCpNlAbZ3iw9AlrqgL/APxt7zz/AGtuqLha+MxTXVMRXcylOWc7aNMkTIkQXAdCUjV2pgsName1PEUWlgnkXvEu4XgrpYfxNfzf9FEvI+iV2ltXEYmGspiiyZBfd56hg6HiVHPwmHw/frvl8SC+HP8A7WCzPcoTHb0Vn2phtBv6ZzEdXGXekBQpqiZMuPN38fyutjxxxx4xM8m5O2WHH7x1HyKI7NumcnvHwPDyUHImST1cdT4ckmcRGuvP+EKGGqVpygGD7OYBztNAdYkJykkrYRi26QSrVLu60WnTn/K0fdPYYoUsx/xHQXWnwA4jVI7p7qNpAvr3qkEBouKbed/xH3BTleAwNZEAG0mwFo09/VRUo/ZLhJegrXuvJBudRqBy5lEZGoZHHWLaceXzRmEuESSW/hIHLUD8p19V1texkCepPhxHmnzjV2PhK6oLkbMtLuo5FGe9w5EdRe6NReI9/wBRPNB9ORaPqNYUtPZFpp0In9nub80EP6c8p6/QQRQrM+7BdAcEkyr9f8pQVlAkM8fhye8AZ49eqjZVkDx9f7JljdnZu8zXiOfghMi0RMoj2yjOEWIhFJUiIgbLoKOQknNhMBelXIII1Fx4pzU2k5wIcNePnKjpQlADkVAjh/VNQ5dlIB7ndwPolGYuoNHuHgSo8FdS4r6HbJL+vq8aj/8AMUfCYnM8Co4kHUuc63XVRYAQMIUYr0Fstf8A2n4nMd5Od8Uc7XwrPZzH9rGt6am6qS6Cp2ItdbetkQyhPV7ybcobAUDWxWZxcGNbN4AsPAcE0D13tkrAXc9zvacT4lciOMeCbmuUXMSgBwXgdT1SeZFDFK7D2HWxT8lFhd+Z34W9XH5IAYUcO57gACSTAAEkk8ABqtT3N3LNFpfXDe1d+EQSxlrH9U3t05Ka3W3Ro4MZvbrcahGnRg/CPerERabfXgEnFSVMnGTi7RC4im1olxJ5xxmB5DS6hcSyQR3pDi5p0gNIsRbNM+8aTa14ugTBls+Bm8WsZ+go7+jDXvJeS4wZsCdRq3lfgJuj9cfobyS+yO7HRwN4Pr4SYF+XJJvoOMzrNx1GvC1uvFPsRQi4+U8oJGo8URtIjw53+GnNDxxapoFkmnaY2YzJPd1ufQfX8otZzeNj1HDwTl7ufL696SrAGZ5R7+XD65qSSSpEW23bGpfyPqb+Gi6g5gN4HmQPdwQQBn9dog2TdmgQQVZJijCnFPUIIJAiP220S0wovgggpIhLsIVxBBSYkIFBBBAACAQQQB1GQQQxhlxBBIALqCCYgFcK4gmArTSi4gkApR1HivRG7eHY3D0g1jWjIDAAAktkmyCCBjrF/MfBHeLHpp0sggmAk8adR62KYOHff+7/AOhHwQQTAYU3mBc+yTrxsJSzD3R4fJBBADav9e5N63s+vzQQQAk6k3kOHAckEEEAf//Z',	'店家經典素食鍋，蔬菜帶你健康樂活一整天！',	190,	NULL,	NULL),
(16,	2,	'味噌豬肉鍋',	'https://tokyo-kitchen.icook.network/uploads/step/cover/683776/large_6dcf2c3eeffba488.jpg',	'豬肉鍋加上味噌及獨家配方調配，產生獨一無二、絕無僅有的好味道！',	170,	NULL,	NULL),
(17,	2,	'味噌牛肉鍋',	'http://2.bp.blogspot.com/-UcYZQC7ETp4/UGF7kJOmkjI/AAAAAAAAFIs/Hfh5lCse238/s1600/photo6.jpg',	'牛肉鍋加上味噌及獨家配方調配，產生獨一無二、絕無僅有的好味道！',	180,	NULL,	NULL),
(18,	2,	'咖哩豬肉鍋',	'http://mypaperimg.pchome.com.tw/newroot/v/i/virgo48_mypaper/content/20050721/00/1282635093.jpg',	'以香濃咖哩湯為本的湯底，味道較味噌清淡，香口又過癮，再佐以入味豬肉，寒冬天讓你溫暖無比。',	180,	NULL,	NULL),
(19,	2,	'咖哩牛肉鍋',	'data:image/jpeg;base64,/9j/4AAQSkZJRgABAQAAAQABAAD/2wCEAAkGBxMTEhUTEhMVFhUXGBcYFxgWFxcXGhgaFxUXGBcaGBcdHSggHxolHRUXITEhJSkrLi4uFx8zODMtNygtLisBCgoKDg0OGhAQGy0lICUtLy0tNS8tLS0tLS0tLS0tLS0tLS0tLS0tLS0tLS0tLS0tLS0tLS0tLS0tLS0tLS0tLf/AABEIAPsAyQMBIgACEQEDEQH/xAAcAAACAwEBAQEAAAAAAAAAAAAEBQIDBgcBAAj/xABFEAABAgQEAgcGAwcCAwkAAAABAhEAAwQhBRIxQVFhBhMicYGRoTJCUrHR8AcUwSNicoKS4fEVM0NTohYkRGNzk7LC0v/EABoBAAIDAQEAAAAAAAAAAAAAAAMEAAECBQb/xAAvEQACAgEEAQIEBAcBAAAAAAAAAQIRAwQSITFBEyIFMlFhFHGRwSNSgaGx0eFC/9oADAMBAAIRAxEAPwDmkmjmG5Sq+5/vBMvCVqIASHNhfc6R3Ws/DsBKeoWgK9/OkMbapIBI7i/fB8voJKAS82Y4HabKAS2oDOA+zmE36v0Ht2FLs/Pszo9MQoomdlSSQQ1wRqI02A9E6aeABOmKXugZQX5BiY7fSdGZCEJBTmUNVnUnUvxF94FxTBajWRPQCD2UqloDDdlgEiMZI5a/0XDLiTpL9TmquglLLUQqWvNuFKVw4Bo1XR7oxKMnLlKZaXAYl3fYmFeNTKuUsdeFZlCxfMC1mB37ucaDCem6A0udKKMtiUhma10G/wB6QrjclP3SdB8qTh7IpmYxrooZcxhMdJDhxccjCw9HUk9tSj3MI6lNw9NSM6FoUg6KF/8AHdCDHcIEkJZeYl9maGHPJ34ARjj68mPXgEhmKH7yYrk4PJl/7cpAHd9YcquNL7wOSQTaMqb+oXZH6AXUAbAeEC1VIlQYjXjpDQgnaPFSwRF7i6ObdIcDmIJUlynhqR/aM+hN463Nlagxmcb6OAuuXZR22MM483hiuTB5idC6MqMrCJTWPVP/AFn+8V4QnOJjn2UuPv71g8yOrw1KDYplIB7wBCXCpoK+rcnrEsGDDsnM3jHNyvk7OGbx6Z0vP+g8qUk3EGY7S9XISylDOUJKczghQvbw2hYmtIp0pmdlSkvzSoTGPoTFGK1E7somrzAMpJ8CB84GpJcD0FLI4tcfuZaYblubfpG26Ry+rk08sulCZaUlWzlswbiwJ4xlgJaSDaxBvfSNtQdKqaeAieAk/vB0E9508Y3HkZ1jmnCUY2ldlXROlCZK5oP+52AGYgJWoHNzj7pXW9XIJ3YsOJPYQP61p8odzZKEgBDMpSlltyd/WMF+IuIZciX0eYR/6aSR/wBa5flBoRuSRwdRm3OUzmGNzwqcvLZIORI4JQAhPomAXYNHhO8SSizmOp0jit27CZEkZQdzvE+p5xKmU6RFrRRD9ex5EXj0RFJMwexEpiUeRUoprkgLUUiJn+4kKALgEOxG8ZDp5hAH/eEsAWSviSSyT+nlG4MLcXq5SZajOyBA1K2y2uNd4UywVUMYZyUlRgOiGIrp6gIzPLmWV37KA4uw8Y2mI0AnozIU54H7sY5ZS4wnrhPWAmWgn2QQFKLswO1/FhDmo6ZpSR1aiArVSdh/DuflC8X7drHpwblujwyyupFS1G1xrzH1ga6riGNNilPPZEtRKzxBfxMCVKTKUyhY7jjA4Tvh9hJRoHCYgoMYtnHcRXMNnMFTMEJkl7wOuWQdHEEIX5RYSAH1Av5Rqyqsb9I5jUax+6B6gQPgBCesFuyM/P2A1+Fj5wL0sqhMppeTSYoem3nCSnM5Mud1cwLKUN2S/enkWhXI6aZ044q0/u7tl9LQoq1mZNJsCpIdhbtF087wxqMtXLQiX2T2ii+uUDMknbWFuDpWgy1JSFS5iQcjgrBZj84j0prjR9QZSO2VqXfTgR45ozFbpJFLJsXqLgXYrTGWrKpGRQcEO78D4g+kBS0FRCUhySABzNhG7oJEqfMRNqpaUrmABKCTcgPcDlxiuuwFEisp1ywyFqV2eCgkm3L6QSLtWjpY/iEa2tc1f2vsHxHEfyUuXIlgKXlBUVOQL8OZeOfdOsSVMWrMztLQQNiR1q/mgeEabHl56yZm0CgP5UgP6AxzrHKkrXmPvZpn/uKJHkkJhvSxuVnG+K7YYoL/ANS5YAhLqaLapTBojTWcxVNLmHzgeC+hnNYwc8J4s69XGI0VZ+0Ex6THPqmtmEMVfIeohPUh/aKj3rUf1jjR+KRSpRHfwX3Ooz8QlIuuYhP8Skj5mEVf05opbjresPCUkrPpaOcVEmX8AfmH+cAVEzaLevlPpGlo4rtmuxT8TJhcU8gJ/fnFz/Qn9TGHxXE51QrNUTVTDwNkjuSLRROmwDMmOWit8p9sIoRh0jV9HqGVOlkzWPasMzaDVn5w3Tg1ONJSfUxi0qADDaLafGJ0v2VluBuIw8Mn0xmM0lyb2jIllkoATyATB9XTomIZV+BG3dGQw3pEmacq2Svbge4w/oK7LY6fKASjKD5CcSXAuXJUg5VeB484Hmy9RtGiqpXWbM2/CKpdClaWSGmJ1HxQfHmvsFKFGelpbTUcYjOmHKsM1jBNXIUFcDoeI74X1KDcGGLMR+ZB1JTdbIpUqLDrGPcSYCRUSZNZUUspJDEKdRupRAKvC4gmnqckoS1ns+6oaoLuDzDxlul1ZMM5FSEhK0gJUpOi20UfC0D9OOSLg/I5PJN+9dJttfZjGRR9XWInpJAc5k33B0HfDD8Ra0imp9M6lEOOID24X3gPDcQTOYghxqBsfpGpo5qVNmSC3EAwlPUywtb1dG8mNOFwYhwNHVISvKqYpRylVw9vdJ1ALX3jSnEEz6lEopIMp1A8VZWLjgxhT0oqQoshWVcsBTciduYtFvQ4LIXNmXJOUE6ndV+DtBcMpT9/hhfSUcO991/n/hn+nNOZa56hrMASjvmsj/8AUcxxOYFTVkaA5R3J7I+UdR/E2u/aSUf8tMycrnlSQn/qUI5KnZ47GmjUbOHr87yySfhJFzsnvgcmD0IzqPBoBUGLQwhBnkfNH0fRZR+mJ1PCyrlNGLp+ks5JCStShvmv66w+ppVRUN1MtUwHdPs+KjYeJjyj0806o7jaXLKK2cBCSqnRuqP8PaiZefNlyhwS8xXjoB5mHEj8P6BF5ueaR8ayB5Iy+ReG8emlFXLgXnqI9Lk4xU1Q4xZRU8xf+3LXMJ+BClfIGO70lBQyP9qnkpPFMtL/ANTPBasSG1oM8uKC7BbpvpHEJeBVqtKSo8ZSx8wImroniB/8LN8h9Y7OcW5iIqxgDeMfjcS8mv4v0OLp6G1zuaacG4JeNrRUU3q0mZImhTXzIVqPCNcMYD6xfKxpPGBz1WHJ26Nxlkh4MlLqSnsqDDy9IIAJYpsRofryjV/n0KsQC/cfnETT06vdA7nHyjKhB/LJG/xP80WZirpxPTmSGmJ1HEfe8ZmZTEqu9tUnaN/U9GnmpmyZykkBikgKSoO99D4wDj2ALIK0Dtj4d/7w0oziuTKywk+GYxaRmAOjQnnzgCUqQFILgpP6HjDaqllRuClYsRo/94XdQ1jeImkMW/AmrOjq5Z6+imZks5HvJ5EcI9V0wqJYyiSAriQT8oayErlqzILRdNopdSbfs5vAEhKjybQxqWyfzqy8aVOKe2/0/wCf0E1LXLWD1gea3aX/ABE2bRwI6J0dGWnlhtUufEvGNpsBnBQT1bXuTp3k7xvpGVCUg+ygX7gIpJXwOaqaWKME7OXfiWlap09QuAJUoNtl/aL9SBHPki8dQxVBWc26ypZH8ReMtiWBAupAZW4+kdHHJJUedywbdoQDMlOYCxs8CxpUpTl6tWmjQLOwxCTYvBNwHaLKWkKrmwgn8lzi1asogP8AOGJyThH6go+g9BIUVmWFEkkCZdKeQTo3e8MJuNJSyZabC1rAcGhPUT1Luok8hFYTHncvxF9YlSOisF8zdhk3EVl3PgIGVPP+YrVHjRzp5Jy7YZRS6RJSibuY+QgkgRF4lLWxeKrizQxl0Kd7xGdJSNhHsvEBvFNTVgnWJvjQOKnfIurJQBtAJV6QZVTs2kBLiKmGZPrS76ReisWN4EBiQJjahEpjamxogjNpyLQ6psYSfeB5EMYxxTHwPOD482TGvawU8UZdmwrKWRUD9ogE8dCO5QvGWx3ofMYqkqzcj7TfI98WUuIqQRdxGhw/FEqtDeLVqTrJwwThPH8vRy8SiOysEEWINj4iImXlWFCxDEEaggx1DGsElVAcjKtrLGvjxEc3xvDZshWWYLe6oaK7j+kNP28jujgtTLbaT+/7B4xdWZ5jKB95IZu8QRi1WBIUoXzMkNvmLfrGWEwiL1Tc6Agnsi7c3d++JGavkc1HwyeONwdg9fSqzPZIt7RyhgOcU1FRJys5UsaFIt4k6werDpZAUQSeZeIf6ej4YZ3o4uwztXQpmX0Vx+sIMRlzEHKoNwOxjoSaYbCI1FEiYkpWkEH07jBI5aBzw2cxVOMVvyh/j3RxUjtIOeXxGqe/6wk6uGFJNcCkotOmfon/AFWTssRA4lL4jzEKKPo4lID9ow0lYcgCwEeQkoLo9DJ4V1bPvzwJtfuj0ze71+kXJlD79Y9yXeMcPwYc4+EQQbXj5amiRDRAmLtIw5WePvFa5mgizLaBUyilbnQ/ZjDcQc20j1R0ffTncj5gx6EPoHaL0Skg9q4BsOZb0tCrE8dKZqkIYN2S3mfpB1i4s1G2gkx9niOG1yVWWAey5ex12i5VYi+QARpYWy6POtbURcgJVsBAcxLkF2G/1i78tMF2dOtjf1inCUWTbZdPkJZw4PnAZmlBtfuhxJkoWAoh+IJ9GgerpEI7QATBHjbVg91cMPwvGNlQ2raSXPllCwFJPmDxB2MYiZNCrJWCOIhjSTVoDpWtwdCbHwgmLLLHw+UCkuVKLpmV6QYMummZVXSboV8Q+o4QqeOnzUIqpRlzGBUxTxCgAHHc0czxGnVKWqWsMpJY8+BHIi8NJprcuj1Hw7W+vHbP5l/f7l1PPa0FIW+nCEgXBtPUBr6jXmOPePX5lhLwL/ENCpfxMa58hqY96sHS0WSw8elPCxgyZwShUqzQL/p0v/lI/pEGriN+Masqkbpo8yksB9YsyknlFr5RHmpJBrAV28LP4xEriEz2jxd/GCZcpKQVL1O0SEGyxZOmKCgDoSNtoYSUA3PrCyqxL3kWawPJvnB9DOWoOVOGfQX5PG/QT8l7Wghc9CSE6qN2HCKaiqC7MAAd9XECflwqb1hBzJskHZjcwlxbrHPZYHUvqG2aGMWGKXKI0hoqoGo2vGcx+RlX1ybpUe0N0q+hizBsQQuUySXQopI7vZBJ2Yi/KGasDE+XMfMgFxZiXexGobv4QZKpUy2+LMjV4qsOEA51sAzkslrAc7eUPESJqKYzF3msDlSHyhw7jctq2kBowGbSrT181K5R1IBSoHQA3NjxBh4qSAAEk8QMx8HveCzpdGU2yjC6eZNT2jYkPfbUtxhxMrmBQDmUdGAA0sNbNAWHz0y2SqwuANn+7XgKcvtrExCQXBQSEnMP4uI7+ECcUy0+TXYKhKZYBJUb5n3JidTKCkFg9tDr9gfKM1gWLqBUFXy69x0LeYhsnEQhfEHnoOUZjk2e2QvNNuzOVUnqySnxH18/SGtBV5kc7P5X9YsqQhSsyfe5C/hC+kk5FqA3/wAxU5qSKhFof0CiFo4OQ/DMD+o9YB/EPCQqUmoSO0hgvmgmx8CfImCkaBO5DjvSQR6w8VLE6SUK0WkpPiGPzgulfcQ2LK8WSOReP8HF4mlbR8tOUkK1SVJPeklJ9QYW1dbfIgZlHaGFFt8Hq554Qhub4NFh1Ql1JBJykNtYj/MGrVuLQgwySZYZRuouT9IYImeMMVR5TNJSm5IYdYDYxHqu+A851GkWdZziwR0wkJECTpjnUecKsRxRTEJvz4cYU08udNUXUpm0uH7yLx5xovfzSNIgpSXVrtoIFxHEUlJGZKNg6gYop8Hm/AgcPu8SqcEUzKA5/bRcdyf2CJtPlir8upXsHMNiLh+Ah3Sy8oyBfaAYsxYxPCqMSwrLdgT/ADNt97RhcexrJKnrlqulXVobdZ1WeQPyhvHByaRty4bZqv2slKhdbkqBLAgnUG7m/wA4zErHZ02caaYjKouQbiw1cG+jsYzuLYouoky5yZi3yNMCVKGVQLcd3iynxNSqaXUKOadImZeakLDKCjzBd+IEOxw0ufy/Jgnk5/uBVcybS1CkyzZZ396+h8d4Y0nSiehZE1SkKFnBVYc0798XzcIm1B/MKSUAMQCznua0X41hQXOlOAMyWSbOog9rNwAzCN7oSpSXJlqS5TGmP165lCohypKQ6viSbvztGYwvpBMUUpWWNgCbDiz/AMvpF8urmUoVKXdDukEEhtNeG3jEqTGltlUUrl3yy1JSQB3M/nGYxpNVZN9tU6+xpUV9u1q21/v/ABC+vqpVQnKgqM0E5EpITdikKIUWysX8IXTqiSolREwG3YSpIRrf3cwB4AwLJEtKipCAHIN1KUoEHUEm0VGK7NuVhlLii5axmDFLoUON3P6ekaSVVpUHGh08YS0dSmdNCZ3aUEuAQwIdntZ9oZ1Rkyw7Ze63pAM8VLxyVFF4q2gyhU6rmEaqhGYJSTo9930+XrBkioILwo4bTQ9rFECXMTsC/db6RosDU8t9iSR3G/6mEtMcyEvwhzgIaUE/CSPW0HwL3pg59HHunxXLr6iWnRSgscgtCSpv5s0UYNKl5Tkur3idf8Q0/FIgYgecqX/9oy0qYUl0liI7KhaMz1MpVF9I0pSQbx7cd0L5GIZ7HXcfqIJkT2sq4jFNEUrCgXu7xLrOUUCxcaRL8wOIiUQ6IcFSp+2rNsbW9IvpqdSSbjbjtFlViCUBkiBpM9SiQ1+dvSPNyn9AqiGTanKLqaAKuoK0sylA+EESKW+ZRc+kWzlpQOPyiknJe5l9AtKkS5bAMTcxg/xDwv8AZKmIJSkkGYkCyi47f8Tlz9vtVrMwkpZhqNH7ozGLVRYsC5tlvz1HjD2nnTTRpq00YHAJc1+rl9pIBVlADd5MM6jEJSETECUUTVDKoBgDzKdPGDKQKpJ0pSpJRLVmQpZcDtMQD3EWeD8Sw9NRUBQ3DPxvb0Jh+eRXb6AKDqkLcGq5xlJlkdkaKNrcH5fSGlRPExKZbhJSoFKyAWI18DvGwTTIRLCUo7I0B4d0ZnH6TOoTZaXBtMSLae98wfCFXO5X0EVqIPikxFRIcB1I3bVvabkRGVqKQyyFapV6dzco2VLTpCX0B2Bt4wnn0oKCCR2FpYF3KXKXfubzisWanQvlXKkJutfa33y1j2TmUeyC3ONJTYQlw4s2kOcNoZUslRAJ2sIv8VHwGjBmTpMLnA5kJIUW7SrWGgAhqMKmTD+30bQaaRqJlWga2hPieJhMspSXUo+QjDzOTCpJI8mLlWJGZaAzncDjFMhQUphx04QtlSSq6of4RQuoAaDUwOZTH9EnskksBqTsBrDnAy6CoOxLh+DQirE51S6dHvEFXJKb3jUpyy0XslIv3AXguljc/wAgOR8HEvxIqc+Izv3MiAeLSwT6qMZ1CuMVYnXmdPmzj/xFqUOLKUSB4BhEZUx++O0haSDZdi4MOKSclY0uNfqIQpPCLpMwpLiI1ZcZUP3IPKPcyeMQppwUAdj6GCOpHAQMMdDm097WgiRSkX4cbDvi5U1UUTVEm501jzKoZdllTUhNtTC6pUVa77axZNWxdu/9GiBMVwVRGmVlUPvSL6hYJJygkbsx781oW4jUokyytSsiU6qL2cgDzJA8YTS+lUkqZK3Y8CnycB4awqVcLgjaXY3xJAUkoWgqSfiAI8N/GE+GylU57ZSwsAkXAdgTz+sVdKOliZKAAC6yQ/AM5I9A3OMVN6SlavaYHUnb+3cIdhgnOP2Byywj32dIxDpLToAC5gB91nI82beM9hvSOXNmkp12SSxfYtCGvoeslBiAU3fe4O/Dl3RnaFRE1JBulQPlr9ILHSwlBu+QLzSTOrU0sMHb/PpFVXRoLm7HYWED4XXZ0P47mCp9WlKXUqw4tHNcJKQZtNBUlNtRaA8VxaVIBzEqOuVIdQB3I2HfCjF8cUnLksCb8Ws5Y6CEVRXCYcqSyVJuzPdW5IuWBvs4hrBoHLmfRiebbwjWf6nLmgFJBfh5xX1ANzfeMnRTMhDOQCQ50I2PfyjV0k9wCIrNp/SfBcMu4KQGtseVjDbBakJSrMWb7LekKUzAwG/zeHWBUJmKb3Qb2Hd+sKu7pBfBoej8vM87KQ9g4YsDcwB+I2KdXSGWn2p3Y4Mn3yeTW/mEaTsoS9gkC/AMI4l0txv83UKmOerT2Zaf3Qfa5Ob+UdTT49ioA+XZlKqTlNrjjFKPIQ7MjOGUO4cOZhVUScuum3Puh1MG40ESHIJYsNTy490WJmd0M+h1VkmKQpIUZycoSdB38md4trsEEpb+0gn+nkeR2ivUSltZHjdWieCpcHMCx0O0MPyn28SkrDABhw++MWuPsRlsIlSOoKlWiiZJhk6XYqbmYrmSwY85LFxwFWT6iSYki3H0ipaeJhouTANXKgFOIbswf4oVRTTplgWWsOeSLt5lPlHOJqFpSCNLF39I0/4gYuZ0/qU+xJOW7XX7x5AaeEZRaibPY200fg8em0WNwwpP8znZ3cmaekpTWUvtDPLLB3Ljdrd1oz6papUzLMSDcDx7413RlITL7O5fXldhFGL0yDMzqUMwAcWe28SOWpuPgy42kzN1DpWUJWpvSL6Kmeyc2tzxeB6qbmmlTAOXYAADkALARt+jVI6X3L+pi9Rk9OFlQjulRfhNKpEtLh3dxuB4dwhbXU6s6lJdSbg5kg665X001DGNUXAAF9iIon06SHADuQxHsv8AZ845uLP7tw04cUY+ckbzE5QHBIykqUzpUH90vcG/mApRJIdsp3IsW1tzLXYPvzjR1MpaV9geyXBHEXJHrCyaReahk5CkZCkBwXdQb4WDhnOd9jHTxZLF5oAk1WVxlsGBJdkl9gLDe3OHmGTykakj5f2hNKlCZmW2SxLNqwNxrvB/R7DJ9RMSiQCptTohKSXcluJcCLyxjJclQbTNngslU5QCRvxsBHRsOohKSw13PGBMBwdFNLCRdXvKO5/QRm+nfTMSAZMkgziLkf8ADB3/AIuAhLFhSlY1zLhAH4k9KXekkq1/3VDb9wd+/lvHPJaAHLjmdW5DiYqEy7qcknvJJghMtu1MAf3UDT+5h1KiTSXCJpunMtwjYbq74uqqcFIXMsfcRw4eMepVlHWTGze6nYcPGPGU+ZZdZ04JH1iFUKZClS5qVHUKBPnpHSa5SUSMpDqm6vz+kYk0ecOPd05nnGnoZpnJlqN8qQL8RY/KA5uaYTEu0CTqYyzls7A/27+UR60/D6w4kIC8+a7/AGGgX/T/AN4xI5VXJHjd8HSpiwpovlIUA7FoTomcIKl1otmuNw8cKElfJuUeKQVMVA0xGYR4ZwN4qWrnGd1m4xo4h0tpTKqpwLkZzr+8SoNyYjyMJV0/Yz6B/lHWOm/RdU9pslutAyqSogBadrnRQffbgwjltSGzDKQHuk2KT3W5x6LSZo5IKu12IZoOMizDsSmocJuWuN7fbxCfVLUCXN7u97i7luO3+YEUrtOEh+ejEbiHuGUrAlIUokMGZ7/e0MS2x5AK3wKzJKQAsEG7Em+gP6g+MdC6PTv2Yfh4/wCIxmInMUpykNYAtwAsdxvGz6PSGA8Hfi1/WEda04IPgXuNBKYiw74rEtiSfZJYDwiYSORPi0eSZR346X+cchOhyhfOpho927xr66whn4Apa2dhuW/SN1RYBMmHMEtzV9NY0dBgcuX2iMyuJ0HcIcw+q/lBT2+TAYL0CVMLzFKTL0S9jlfQDRrx0DDcNk0ssIlJCUi558STue+Kcd6R09Il5qwDskXUe4RyPpX02nVZKE/s5Xwg3V/Ef00h6MG+3ZmONy+yNP0w/EFnlUhBOipmw/g4nnHNFrKiSSSTck3J7zEHiUgOWg0YpDFKK4DKdYFgHVtyghJydpV1bcogpaZdk3UYjwUsOdk6nxixdu2XI+Nep9lOvjFirBtVH7aKhMu5Lq9B/eDqCQ3aJufSMs0iU49VK2c/Mwd0fWyH+++FOJzL8YZYSlkjugc17TcPmGUmfkLk2NoPtzhYqUCoPdL97HjBn5YfGPvxgFBTb1GCTU+yQr0ML5kian2kKHqPONnTYlIm3RMQrxEEmUDpAJ/DU+Yv9xL8TOHE1+xz1M1tYmKmNzNoEK1SD3gQHMwGSfcHhaAP4dkXTCLWR8mQXUg3jL9I+j0uouGTM2WB/wDLiI6eejcn4W7lH6xH/svJ+E/1H6xrHpc8Jboly1GOSpn5qr6BcheWYlueoPMQzoagplhQF7hJBIUXLWGh0PlH6Bm9EaVftykrb4nPpF1H0Xo5V5dNJSeIlpfzaOupTlH3LkTbinwziuA9HFzD1kwFSjwBLchG6wvo5NAASg/zWHlrHQQhCRsB4CF1f0kpZPtzkA8AXPkLwrk0+93OQbHOT4xxsWU3Rg6rWA+yB+p+kNqbCpUu4SH4m584ymJ/ibIS4ky1rPE9gfX0jFY709q54ISoSk8EWP8AUb+TRqGHFHpDK0uon83COm450npqYftZiQdki6j3JF45x0h/EybMdNMnq0/Gpio9w0HrGDnKJJJJJOpJcnvMVEwwkbWGMC2qqFLUVLUVKOpUXJ8YpERJj2Nmmz1RichRfs6/KIARdLTwsIgDJLwXy1MbdpXHhFwmDbXeBiWFovpKcq10+cZBoIpJWYvsIZTZ4SOfARTLtpE00zlzGWEQCpC1q01h9Lp1AAcAIjh2H5lhtBrGhFGlIdUCyT8G4KhH+XWdASdGif8ApMzgfWGn5o6ISw4n6RDrl/8AM+UC3BKF5LaeloMpMUnpLJnTB/MfrFtRhyhqPKIopGgG47jlGS5GlP0kqk6Tif4gD84v/wC21SNSg/y/QwjIgeejeNrJL6gHp8Mu4L9EaQ9PKke7LPgfrA0z8QqnYS/I/WM2swGqNrJL6lLR4P5EaKf0+rDopA7kj9YW1HTCsVrPUO5h8hChcVKjW5/U2sGKPUV+iLqvFp0z25q1d6lH0eAFLixSYqUmNIt8IgsxSYtUIpWpo2gUiqYmBVpi9ZjwJeCrgVnGwdo8OrQdIoSs204wVUUyZQYC+5MTeroVnwhdKk7q8otmKswj1EsnSC5FM3fGmxVIqp6Um6tOEMZY2AiMqUYKSiBtm0qPZUk+EEBoBnVwFhcxPC6ZU1WZR7Kb/wBoqXCtmlzwjS0SkykPuYrXMWsuo24R8kD6mImf8NzxhVuw6VFkxQA7Vhw3MVZ//L+cQWkOzFaz5DvO0eflpnxS/I/WLouzdV9EpLhQ/wAQpnU+8bidTIvmOY8Br56/KM9iNGtLlKCpG7e0BzGh7/SASjRrTatS4ZnplJ5wFMlEQ6lzELHYUC3h5iKamQVXa42jKZ0I5BCuQDAc6lMNJqYHzQRMLYnmSzFCkQ5mIBgSdTRtSLsWkRWoQTOS0CzDBEZYPNMUKTBiadStATBEvDuJfkPrG9yQvOcUKkyiSw1g6nofi8vqYZS6UJGw5fesHSQkBy28YllfgVlO+gSVII2YfeggHEEh4YTa0E/qYV1VzaLxp3bATfBXLaCEJiEtH+Y+mzgLamDgi1c4J1gSbPUuybCIqO6vKDaLDVzBmUckvjxiNpK2VTZVh9FmLAFXH/MaVCAhIB20AiMhKUJyyww47mK5YUT2Q54nQd/E8hC8pbmHjHaixdw6iyeHHlE8tsyuwn1P3wiKEpQXPbmfL6dwiZkOc0y52GwjJZW5WGT2Je/xKif+nSfgHlFiuJLDhufoIq65HAeZ+kSyUdeloGrW3e3pFZQHs6/CwgWQTMmkLJIABAcgOTwGsN2YWtGE7ObJ7WIsT6Ppne0Aj95Nlef1eM/NwCbKcSZhm8lHteD2jTzJylTGJLcINygCwjNJjEc08dcnMKmXOQp5qMvIuT/Vp84XVFQE6x0eYcw7V31hRiuEyQkrEtIVxFozY/HUTMMJile7lHM38mitS1mw8YOygqI2iEwbRe4L6s/qALpx70SRTg+yn6+cHU8oElxHq9IvcYlOT7YMmQAL+Q/Ux6lXCB1qMWKsI0DPFkQBiFc9k2ESqFGFo1g2OHlg5y8E6cF3MEKTH0uKa1RAEHBdI+mTtk+cRpZClqyy0lSjvFtFKClJBDg6iNlUShKlJ6sBObVt/GMTybeC4xsS0mEJlF5hC1/CNB3mDlIJ7Siw24eAiMgOb/esey+1NIVcDQQu5NvkMkkeKSVA3yyxqd1eO0TlkkNL7KeOluUezbzGNwCGEWTdW2aKshUnKj2Q5PmfvjEStrrLl7JF7/qqPpJ7L7nU+MeAe0rcacrRdkPFndVzskfNRiedfAeRj2jSCq/f4xf1p4xLKP/Z',	'以香濃咖哩湯為本的湯底，味道較味噌清淡，香口又過癮，再佐以入味牛肉，寒冬天讓你溫暖無比。',	190,	NULL,	NULL),
(20,	2,	'酸辣腸旺鍋',	'https://pic.pimg.tw/fanyu58/1458236050-978987424_l.jpg',	'酸辣鍋加上中國傳統美食-腸旺，再創中華美食巔峰！',	190,	NULL,	NULL);

DROP TABLE IF EXISTS `members`;
CREATE TABLE `members` (
  `id` int(10) unsigned NOT NULL AUTO_INCREMENT,
  `customer_id` int(10) unsigned NOT NULL,
  `name` varchar(255) COLLATE utf8mb4_unicode_ci NOT NULL,
  `email` varchar(255) COLLATE utf8mb4_unicode_ci NOT NULL,
  `email_verified_at` timestamp NULL DEFAULT NULL,
  `password` varchar(255) COLLATE utf8mb4_unicode_ci NOT NULL,
  `birthday` date DEFAULT NULL,
  `phone` varchar(255) COLLATE utf8mb4_unicode_ci DEFAULT NULL,
  `address` varchar(255) COLLATE utf8mb4_unicode_ci DEFAULT NULL,
  `remember_token` varchar(100) COLLATE utf8mb4_unicode_ci DEFAULT NULL,
  `created_at` timestamp NULL DEFAULT NULL,
  `updated_at` timestamp NULL DEFAULT NULL,
  PRIMARY KEY (`id`),
  UNIQUE KEY `members_email_unique` (`email`),
  KEY `customer_id` (`customer_id`),
  CONSTRAINT `members_ibfk_1` FOREIGN KEY (`customer_id`) REFERENCES `customers` (`id`)
) ENGINE=InnoDB DEFAULT CHARSET=utf8mb4 COLLATE=utf8mb4_unicode_ci;

INSERT INTO `members` (`id`, `customer_id`, `name`, `email`, `email_verified_at`, `password`, `birthday`, `phone`, `address`, `remember_token`, `created_at`, `updated_at`) VALUES
(1,	1,	'高偉瀚',	'm1@gmail.com',	NULL,	'123456',	'1998-01-01',	'09-9999-9999',	'406太平區中山路一段319號',	NULL,	NULL,	NULL),
(2,	1,	'白貫良',	'm2@gmail.com',	NULL,	'123456',	'1998-01-02',	'09-9999-9999',	'台中市太平區',	NULL,	NULL,	NULL),
(3,	1,	'曾郁閔',	'm3@gmail.com',	NULL,	'123456',	'1998-01-03',	'09-9999-9999',	'台中',	NULL,	NULL,	NULL),
(5,	1,	'江珮妤',	'm4@gmail.com',	NULL,	'123456',	'1998-01-04',	'09-9999-9999',	'台中',	NULL,	NULL,	NULL),
(6,	1,	'劉宜樺',	'm5@gmail.com',	NULL,	'123456',	'1998-01-05',	'09-9999-9999',	'台中',	NULL,	NULL,	NULL),
(7,	1,	'黃婉綾',	'm6@gmail.com',	NULL,	'123456',	'1998-01-06',	'09-9999-9999',	'台中',	NULL,	NULL,	NULL),
(8,	2,	'',	'',	NULL,	'',	NULL,	NULL,	NULL,	NULL,	NULL,	NULL);

DROP TABLE IF EXISTS `migrations`;
CREATE TABLE `migrations` (
  `id` int(10) unsigned NOT NULL AUTO_INCREMENT,
  `migration` varchar(255) COLLATE utf8mb4_unicode_ci NOT NULL,
  `batch` int(11) NOT NULL,
  PRIMARY KEY (`id`)
) ENGINE=InnoDB DEFAULT CHARSET=utf8mb4 COLLATE=utf8mb4_unicode_ci;

INSERT INTO `migrations` (`id`, `migration`, `batch`) VALUES
(1,	'2014_10_12_000000_create_users_table',	1),
(2,	'2014_10_12_100000_create_password_resets_table',	1),
(3,	'2018_12_14_014501_create_admins_table',	1),
(4,	'2018_12_14_014653_create_restaurants_table',	1),
(5,	'2018_12_14_014717_create_staff_table',	1),
(6,	'2018_12_14_014737_create_coupons_table',	1),
(7,	'2018_12_14_014815_create_posts_table',	1),
(8,	'2018_12_14_014838_create_meals_table',	1),
(9,	'2018_12_14_014857_create_keywords_table',	1),
(10,	'2018_12_14_014957_create_customers_table',	1),
(11,	'2018_12_14_015050_create_details_table',	1),
(12,	'2019_01_17_024307_create_coupons_statuses_table',	1),
(13,	'2019_01_17_025120_create_meal_keywords_table',	1),
(14,	'2019_01_28_172121_create_orders_table',	1),
(15,	'2019_01_28_172635_create_tables_table',	1);

DROP TABLE IF EXISTS `orders`;
CREATE TABLE `orders` (
  `id` int(10) unsigned NOT NULL AUTO_INCREMENT,
  `restaurant_id` int(10) unsigned NOT NULL,
  `customer_id` int(10) unsigned NOT NULL,
  `table_id` int(10) unsigned NOT NULL,
  `time` datetime NOT NULL,
  `total` int(11) NOT NULL,
  `PayType` varchar(255) COLLATE utf8mb4_unicode_ci NOT NULL,
  `created_at` timestamp NULL DEFAULT NULL,
  `updated_at` timestamp NULL DEFAULT NULL,
  PRIMARY KEY (`id`),
  KEY `restaurant_id` (`restaurant_id`),
  KEY `customer_id` (`customer_id`),
  KEY `table_id` (`table_id`),
  CONSTRAINT `orders_ibfk_1` FOREIGN KEY (`restaurant_id`) REFERENCES `restaurants` (`id`),
  CONSTRAINT `orders_ibfk_2` FOREIGN KEY (`customer_id`) REFERENCES `customers` (`id`),
  CONSTRAINT `orders_ibfk_3` FOREIGN KEY (`table_id`) REFERENCES `tables` (`id`)
) ENGINE=InnoDB DEFAULT CHARSET=utf8mb4 COLLATE=utf8mb4_unicode_ci;

INSERT INTO `orders` (`id`, `restaurant_id`, `customer_id`, `table_id`, `time`, `total`, `PayType`, `created_at`, `updated_at`) VALUES
(1,	1,	1,	5,	'2018-12-25 00:00:00',	3000,	'現金',	NULL,	NULL),
(2,	1,	2,	7,	'2019-01-25 00:00:00',	3000,	'現金',	NULL,	NULL),
(3,	1,	1,	12,	'0209-01-17 00:00:00',	3000,	'現金',	NULL,	NULL),
(4,	1,	1,	49,	'0209-01-17 00:00:00',	200,	'現金',	NULL,	NULL),
(5,	2,	2,	67,	'0209-01-17 00:00:00',	390,	'現金',	NULL,	NULL),
(6,	2,	2,	98,	'0209-01-17 00:00:00',	390,	'現金',	NULL,	NULL);

DROP TABLE IF EXISTS `password_resets`;
CREATE TABLE `password_resets` (
  `email` varchar(255) COLLATE utf8mb4_unicode_ci NOT NULL,
  `token` varchar(255) COLLATE utf8mb4_unicode_ci NOT NULL,
  `created_at` timestamp NULL DEFAULT NULL,
  KEY `password_resets_email_index` (`email`)
) ENGINE=InnoDB DEFAULT CHARSET=utf8mb4 COLLATE=utf8mb4_unicode_ci;


DROP TABLE IF EXISTS `posts`;
CREATE TABLE `posts` (
  `id` int(10) unsigned NOT NULL AUTO_INCREMENT,
  `restaurant_id` int(10) unsigned NOT NULL,
  `title` varchar(255) COLLATE utf8mb4_unicode_ci NOT NULL,
  `content` text COLLATE utf8mb4_unicode_ci NOT NULL,
  `DateTime` datetime NOT NULL,
  `created_at` timestamp NULL DEFAULT NULL,
  `updated_at` timestamp NULL DEFAULT NULL,
  PRIMARY KEY (`id`),
  KEY `restaurant_id` (`restaurant_id`),
  CONSTRAINT `posts_ibfk_1` FOREIGN KEY (`restaurant_id`) REFERENCES `restaurants` (`id`)
) ENGINE=InnoDB DEFAULT CHARSET=utf8mb4 COLLATE=utf8mb4_unicode_ci;

INSERT INTO `posts` (`id`, `restaurant_id`, `title`, `content`, `DateTime`, `created_at`, `updated_at`) VALUES
(1,	1,	'1/17公休至1/19',	'付不出薪資，公休三天啦',	'2019-01-19 14:51:13',	NULL,	NULL),
(2,	1,	'1/19公休至1/20',	'因虧損嚴重，本次公休後，預計不再繼續營業，謝謝大家。',	'2019-01-20 14:51:00',	NULL,	NULL),
(3,	2,	'高壓電檢測',	'即日起店內將進行高壓電設備之檢測，預計5/30完工，屆時將重新開幕，敬請見諒。',	'2019-01-29 14:51:00',	NULL,	NULL),
(4,	3,	'本店將自1/30開幕',	'本店將自1/30開幕，當日來店民眾將獲帳單8折優惠，歡迎攜家帶眷蒞臨，謝謝。',	'2019-01-29 14:51:00',	NULL,	NULL);

DROP TABLE IF EXISTS `restaurants`;
CREATE TABLE `restaurants` (
  `id` int(10) unsigned NOT NULL AUTO_INCREMENT,
  `name` varchar(255) COLLATE utf8mb4_unicode_ci NOT NULL,
  `logo` text COLLATE utf8mb4_unicode_ci NOT NULL,
  `phone` varchar(255) COLLATE utf8mb4_unicode_ci NOT NULL,
  `address` varchar(255) COLLATE utf8mb4_unicode_ci NOT NULL,
  `created_at` timestamp NULL DEFAULT NULL,
  `updated_at` timestamp NULL DEFAULT NULL,
  PRIMARY KEY (`id`)
) ENGINE=InnoDB DEFAULT CHARSET=utf8mb4 COLLATE=utf8mb4_unicode_ci;

INSERT INTO `restaurants` (`id`, `name`, `logo`, `phone`, `address`, `created_at`, `updated_at`) VALUES
(1,	'勤美麵食館',	'https://i.imgur.com/rLZ7YsJ.jpg',	'09-9999-9999',	'406台中市太平區中山路一段220號',	'2019-01-16 20:15:24',	'2019-01-16 20:15:24'),
(2,	'偈亭泡菜鍋',	'https://i.imgur.com/PjfyKdR.jpg',	'04-2276-5198',	'411台中市太平區中山路三段21號',	NULL,	NULL),
(3,	'西堤牛排',	'https://i.imgur.com/hkKrSWU.jpg',	'04-2247-3922',	'406台中市北屯區文心路四段695號',	NULL,	NULL);

DROP TABLE IF EXISTS `staff`;
CREATE TABLE `staff` (
  `id` int(10) unsigned NOT NULL AUTO_INCREMENT,
  `restaurant_id` int(10) unsigned DEFAULT NULL,
  `name` varchar(255) COLLATE utf8mb4_unicode_ci NOT NULL,
  `email` varchar(255) COLLATE utf8mb4_unicode_ci NOT NULL,
  `email_verified_at` timestamp NULL DEFAULT NULL,
  `password` varchar(255) COLLATE utf8mb4_unicode_ci NOT NULL,
  `birthday` date DEFAULT NULL,
  `phone` varchar(255) COLLATE utf8mb4_unicode_ci DEFAULT NULL,
  `address` varchar(255) COLLATE utf8mb4_unicode_ci DEFAULT NULL,
  `position` varchar(255) COLLATE utf8mb4_unicode_ci NOT NULL,
  `remember_token` varchar(100) COLLATE utf8mb4_unicode_ci DEFAULT NULL,
  `created_at` timestamp NULL DEFAULT NULL,
  `updated_at` timestamp NULL DEFAULT NULL,
  PRIMARY KEY (`id`),
  UNIQUE KEY `staff_email_unique` (`email`),
  KEY `restaurant_id` (`restaurant_id`),
  CONSTRAINT `staff_ibfk_1` FOREIGN KEY (`restaurant_id`) REFERENCES `restaurants` (`id`)
) ENGINE=InnoDB DEFAULT CHARSET=utf8mb4 COLLATE=utf8mb4_unicode_ci;

INSERT INTO `staff` (`id`, `restaurant_id`, `name`, `email`, `email_verified_at`, `password`, `birthday`, `phone`, `address`, `position`, `remember_token`, `created_at`, `updated_at`) VALUES
(1,	1,	'萬宜旻',	'1@gmail.com',	NULL,	'$2y$10$9Gg8n6Ut486mFl9kYj5jFOi0LHQesfZsOiNzkgfL0GN9C3.YQox8m',	'1998-01-01',	'09-9999-9999',	'406台中市太平區中山路一段1號',	'主廚',	'iMLxxHcRbZTTS0PXGh616EustzBFQveRt5i96CbcQZX9qv3n2tzmJPxyrh26',	NULL,	NULL),
(2,	1,	'許銘耀',	'2@gmail.com',	NULL,	'$2y$10$9Gg8n6Ut486mFl9kYj5jFOi0LHQesfZsOiNzkgfL0GN9C3.YQox8m',	'1998-01-02',	'09-9999-9999',	'406台中市太平區中山路一段2號',	'櫃台',	NULL,	NULL,	NULL),
(3,	1,	'黃宣毓',	'3@gmail.com',	NULL,	'$2y$10$9Gg8n6Ut486mFl9kYj5jFOi0LHQesfZsOiNzkgfL0GN9C3.YQox8m',	'1998-01-03',	'09-9999-9999',	'406台中市太平區中山路一段3號',	'櫃台',	'XJUlPMvc0Es2JwDYVOOjfWjRa6rqpGIS4HX6uAG7PEestxJ3sXUyNysYJrLs',	NULL,	NULL),
(4,	1,	'許名毅',	'4@gmail.com',	NULL,	'$2y$10$9Gg8n6Ut486mFl9kYj5jFOi0LHQesfZsOiNzkgfL0GN9C3.YQox8m',	'1998-01-04',	'09-9999-9999',	'406台中市太平區中山路一段4號',	'櫃台',	NULL,	NULL,	NULL),
(5,	1,	'林建勳',	'5@gmail.com',	NULL,	'$2y$10$9Gg8n6Ut486mFl9kYj5jFOi0LHQesfZsOiNzkgfL0GN9C3.YQox8m',	'1998-01-05',	'09-9999-9999',	'406台中市太平區中山路一段5號',	'經理',	'9I0DqTu1EyE6kswjmWfhcnmjBWR0ruy8AnuB1VRSuf9kXhFKJBibPt2x58dK',	NULL,	NULL),
(6,	2,	'陳思羽',	'6@gmail.com',	NULL,	'$2y$10$9Gg8n6Ut486mFl9kYj5jFOi0LHQesfZsOiNzkgfL0GN9C3.YQox8m',	'1998-01-06',	'09-9999-9999',	'406台中市太平區中山路一段6號',	'主廚',	'Ad4nXVxyUAs3ETnz2ckBmcAKodslfxqSc6OGLniNcK1VKH8P0CNz9MTo2YuD',	NULL,	NULL),
(7,	2,	'顏以晴',	'7@gmail.com',	NULL,	'$2y$10$9Gg8n6Ut486mFl9kYj5jFOi0LHQesfZsOiNzkgfL0GN9C3.YQox8m',	'1998-01-07',	'09-9999-9999',	'406台中市太平區中山路一段7號',	'經理',	'Ad4nXVxyUAs3ETnz2ckBmcAKodslfxqSc6OGLniNcK1VKH8P0CNz9MTo2YuD',	NULL,	NULL),
(8,	2,	'黃清愿',	'8@gmail.com',	NULL,	'$2y$10$9Gg8n6Ut486mFl9kYj5jFOi0LHQesfZsOiNzkgfL0GN9C3.YQox8m',	'1998-01-08',	'09-9999-9999',	'406台中市太平區中山路一段8號',	'櫃台',	'Ad4nXVxyUAs3ETnz2ckBmcAKodslfxqSc6OGLniNcK1VKH8P0CNz9MTo2YuD',	NULL,	NULL),
(9,	2,	'徐偉淳',	'11@gmail.com',	NULL,	'$2y$10$9Gg8n6Ut486mFl9kYj5jFOi0LHQesfZsOiNzkgfL0GN9C3.YQox8m',	'1998-01-11',	'09-9999-9999',	'406台中市太平區中山路一段11號',	'主廚',	'Ad4nXVxyUAs3ETnz2ckBmcAKodslfxqSc6OGLniNcK1VKH8P0CNz9MTo2YuD',	NULL,	NULL),
(10,	2,	'黃子嘉',	'12@gmail.com',	NULL,	'$2y$10$9Gg8n6Ut486mFl9kYj5jFOi0LHQesfZsOiNzkgfL0GN9C3.YQox8m',	'1998-01-12',	'09-9999-9999',	'406台中市太平區中山路一段12號',	'櫃台',	'Ad4nXVxyUAs3ETnz2ckBmcAKodslfxqSc6OGLniNcK1VKH8P0CNz9MTo2YuD',	NULL,	NULL),
(11,	3,	'劉凰蓮',	'13@gmail.com',	NULL,	'$2y$10$9Gg8n6Ut486mFl9kYj5jFOi0LHQesfZsOiNzkgfL0GN9C3.YQox8m',	'1998-01-13',	'09-9999-9999',	'406台中市太平區中山路一段13號',	'櫃台',	'Ad4nXVxyUAs3ETnz2ckBmcAKodslfxqSc6OGLniNcK1VKH8P0CNz9MTo2YuD',	NULL,	NULL),
(12,	3,	'何發棋',	'14@gmail.com',	NULL,	'$2y$10$9Gg8n6Ut486mFl9kYj5jFOi0LHQesfZsOiNzkgfL0GN9C3.YQox8m',	'1998-01-14',	'09-9999-9999',	'406台中市太平區中山路一段14號',	'櫃台',	'Ad4nXVxyUAs3ETnz2ckBmcAKodslfxqSc6OGLniNcK1VKH8P0CNz9MTo2YuD',	NULL,	NULL),
(13,	3,	'劉彩羽',	'16@gmail.com',	NULL,	'$2y$10$9Gg8n6Ut486mFl9kYj5jFOi0LHQesfZsOiNzkgfL0GN9C3.YQox8m',	'1998-01-16',	'09-9999-9999',	'406台中市太平區中山路一段16號',	'主廚',	'Ad4nXVxyUAs3ETnz2ckBmcAKodslfxqSc6OGLniNcK1VKH8P0CNz9MTo2YuD',	NULL,	NULL),
(14,	3,	'蕭晴晶',	'18@gmail.com',	NULL,	'$2y$10$9Gg8n6Ut486mFl9kYj5jFOi0LHQesfZsOiNzkgfL0GN9C3.YQox8m',	'1998-01-18',	'09-9999-9999',	'406台中市太平區中山路一段18號',	'主廚',	'Ad4nXVxyUAs3ETnz2ckBmcAKodslfxqSc6OGLniNcK1VKH8P0CNz9MTo2YuD',	NULL,	NULL),
(15,	3,	'郭家維',	'19@gmail.com',	NULL,	'$2y$10$9Gg8n6Ut486mFl9kYj5jFOi0LHQesfZsOiNzkgfL0GN9C3.YQox8m',	'1998-01-19',	'09-9999-9999',	'406台中市太平區中山路一段19號',	'經理',	'Ad4nXVxyUAs3ETnz2ckBmcAKodslfxqSc6OGLniNcK1VKH8P0CNz9MTo2YuD',	NULL,	NULL);

DROP TABLE IF EXISTS `tables`;
CREATE TABLE `tables` (
  `id` int(10) unsigned NOT NULL AUTO_INCREMENT,
  `restaurant_id` int(10) unsigned NOT NULL,
  `table` int(11) NOT NULL,
  `status` tinyint(1) NOT NULL,
  `created_at` timestamp NULL DEFAULT NULL,
  `updated_at` timestamp NULL DEFAULT NULL,
  PRIMARY KEY (`id`),
  KEY `restaurant_id` (`restaurant_id`),
  CONSTRAINT `tables_ibfk_1` FOREIGN KEY (`restaurant_id`) REFERENCES `restaurants` (`id`)
) ENGINE=InnoDB DEFAULT CHARSET=utf8mb4 COLLATE=utf8mb4_unicode_ci;

INSERT INTO `tables` (`id`, `restaurant_id`, `table`, `status`, `created_at`, `updated_at`) VALUES
(1,	1,	1,	0,	'2019-01-28 22:21:52',	'2019-01-28 22:21:52'),
(2,	1,	2,	0,	'2019-01-28 22:21:52',	'2019-01-28 22:21:52'),
(3,	1,	3,	0,	'2019-01-28 22:21:52',	'2019-01-28 22:21:52'),
(4,	1,	4,	0,	'2019-01-28 22:21:52',	'2019-01-28 22:21:52'),
(5,	1,	5,	0,	'2019-01-28 22:21:52',	'2019-01-28 22:21:52'),
(6,	1,	6,	0,	'2019-01-28 22:21:52',	'2019-01-28 22:21:52'),
(7,	1,	7,	0,	'2019-01-28 22:21:52',	'2019-01-28 22:21:52'),
(8,	1,	8,	0,	'2019-01-28 22:21:52',	'2019-01-28 22:21:52'),
(9,	1,	9,	0,	'2019-01-28 22:21:52',	'2019-01-28 22:21:52'),
(10,	1,	10,	0,	'2019-01-28 22:21:52',	'2019-01-28 22:21:52'),
(11,	1,	11,	0,	'2019-01-28 22:21:52',	'2019-01-28 22:21:52'),
(12,	1,	12,	0,	'2019-01-28 22:21:52',	'2019-01-28 22:21:52'),
(13,	1,	13,	0,	'2019-01-28 22:21:52',	'2019-01-28 22:21:52'),
(14,	1,	14,	0,	'2019-01-28 22:21:52',	'2019-01-28 22:21:52'),
(15,	1,	15,	0,	'2019-01-28 22:21:52',	'2019-01-28 22:21:52'),
(16,	1,	16,	0,	'2019-01-28 22:21:52',	'2019-01-28 22:21:52'),
(17,	1,	17,	0,	'2019-01-28 22:21:52',	'2019-01-28 22:21:52'),
(18,	1,	18,	0,	'2019-01-28 22:21:52',	'2019-01-28 22:21:52'),
(19,	1,	19,	0,	'2019-01-28 22:21:52',	'2019-01-28 22:21:52'),
(20,	1,	20,	0,	'2019-01-28 22:21:52',	'2019-01-28 22:21:52'),
(21,	1,	21,	0,	'2019-01-28 22:21:52',	'2019-01-28 22:21:52'),
(22,	1,	22,	0,	'2019-01-28 22:21:52',	'2019-01-28 22:21:52'),
(23,	1,	23,	0,	'2019-01-28 22:21:52',	'2019-01-28 22:21:52'),
(24,	1,	24,	0,	'2019-01-28 22:21:52',	'2019-01-28 22:21:52'),
(25,	1,	25,	0,	'2019-01-28 22:21:52',	'2019-01-28 22:21:52'),
(26,	1,	26,	0,	'2019-01-28 22:21:52',	'2019-01-28 22:21:52'),
(27,	1,	27,	0,	'2019-01-28 22:21:52',	'2019-01-28 22:21:52'),
(28,	1,	28,	0,	'2019-01-28 22:21:52',	'2019-01-28 22:21:52'),
(29,	1,	29,	0,	'2019-01-28 22:21:52',	'2019-01-28 22:21:52'),
(30,	1,	30,	0,	'2019-01-28 22:21:52',	'2019-01-28 22:21:52'),
(31,	1,	31,	0,	'2019-01-28 22:21:52',	'2019-01-28 22:21:52'),
(32,	1,	32,	0,	'2019-01-28 22:21:52',	'2019-01-28 22:21:52'),
(33,	1,	33,	0,	'2019-01-28 22:21:52',	'2019-01-28 22:21:52'),
(34,	1,	34,	0,	'2019-01-28 22:21:52',	'2019-01-28 22:21:52'),
(35,	1,	35,	0,	'2019-01-28 22:21:52',	'2019-01-28 22:21:52'),
(36,	1,	36,	0,	'2019-01-28 22:21:52',	'2019-01-28 22:21:52'),
(37,	1,	37,	0,	'2019-01-28 22:21:52',	'2019-01-28 22:21:52'),
(38,	1,	38,	0,	'2019-01-28 22:21:52',	'2019-01-28 22:21:52'),
(39,	1,	39,	0,	'2019-01-28 22:21:52',	'2019-01-28 22:21:52'),
(40,	1,	40,	0,	'2019-01-28 22:21:52',	'2019-01-28 22:21:52'),
(41,	1,	41,	0,	'2019-01-28 22:21:52',	'2019-01-28 22:21:52'),
(42,	1,	42,	0,	'2019-01-28 22:21:52',	'2019-01-28 22:21:52'),
(43,	1,	43,	0,	'2019-01-28 22:21:52',	'2019-01-28 22:21:52'),
(44,	1,	44,	0,	'2019-01-28 22:21:52',	'2019-01-28 22:21:52'),
(45,	1,	45,	0,	'2019-01-28 22:21:52',	'2019-01-28 22:21:52'),
(46,	1,	46,	0,	'2019-01-28 22:21:52',	'2019-01-28 22:21:52'),
(47,	1,	47,	0,	'2019-01-28 22:21:52',	'2019-01-28 22:21:52'),
(48,	1,	48,	0,	'2019-01-28 22:21:52',	'2019-01-28 22:21:52'),
(49,	1,	49,	0,	'2019-01-28 22:21:52',	'2019-01-28 22:21:52'),
(50,	1,	50,	0,	'2019-01-28 22:21:52',	'2019-01-28 22:21:52'),
(51,	2,	1,	0,	'2019-01-28 22:21:52',	'2019-01-28 22:21:52'),
(52,	2,	2,	0,	'2019-01-28 22:21:52',	'2019-01-28 22:21:52'),
(53,	2,	3,	0,	'2019-01-28 22:21:52',	'2019-01-28 22:21:52'),
(54,	2,	4,	0,	'2019-01-28 22:21:52',	'2019-01-28 22:21:52'),
(55,	2,	5,	0,	'2019-01-28 22:21:52',	'2019-01-28 22:21:52'),
(56,	2,	6,	0,	'2019-01-28 22:21:52',	'2019-01-28 22:21:52'),
(57,	2,	7,	0,	'2019-01-28 22:21:52',	'2019-01-28 22:21:52'),
(58,	2,	8,	0,	'2019-01-28 22:21:52',	'2019-01-28 22:21:52'),
(59,	2,	9,	0,	'2019-01-28 22:21:52',	'2019-01-28 22:21:52'),
(60,	2,	10,	0,	'2019-01-28 22:21:52',	'2019-01-28 22:21:52'),
(61,	2,	11,	0,	'2019-01-28 22:21:52',	'2019-01-28 22:21:52'),
(62,	2,	12,	0,	'2019-01-28 22:21:52',	'2019-01-28 22:21:52'),
(63,	2,	13,	0,	'2019-01-28 22:21:52',	'2019-01-28 22:21:52'),
(64,	2,	14,	0,	'2019-01-28 22:21:52',	'2019-01-28 22:21:52'),
(65,	2,	15,	0,	'2019-01-28 22:21:52',	'2019-01-28 22:21:52'),
(66,	2,	16,	0,	'2019-01-28 22:21:52',	'2019-01-28 22:21:52'),
(67,	2,	17,	0,	'2019-01-28 22:21:52',	'2019-01-28 22:21:52'),
(68,	2,	18,	0,	'2019-01-28 22:21:52',	'2019-01-28 22:21:52'),
(69,	2,	19,	0,	'2019-01-28 22:21:52',	'2019-01-28 22:21:52'),
(70,	2,	20,	0,	'2019-01-28 22:21:52',	'2019-01-28 22:21:52'),
(71,	2,	21,	0,	'2019-01-28 22:21:52',	'2019-01-28 22:21:52'),
(72,	2,	22,	0,	'2019-01-28 22:21:52',	'2019-01-28 22:21:52'),
(73,	2,	23,	0,	'2019-01-28 22:21:52',	'2019-01-28 22:21:52'),
(74,	2,	24,	0,	'2019-01-28 22:21:52',	'2019-01-28 22:21:52'),
(75,	2,	25,	0,	'2019-01-28 22:21:52',	'2019-01-28 22:21:52'),
(76,	2,	26,	0,	'2019-01-28 22:21:52',	'2019-01-28 22:21:52'),
(77,	2,	27,	0,	'2019-01-28 22:21:52',	'2019-01-28 22:21:52'),
(78,	2,	28,	0,	'2019-01-28 22:21:52',	'2019-01-28 22:21:52'),
(79,	2,	29,	0,	'2019-01-28 22:21:52',	'2019-01-28 22:21:52'),
(80,	2,	30,	0,	'2019-01-28 22:21:52',	'2019-01-28 22:21:52'),
(81,	2,	31,	0,	'2019-01-28 22:21:52',	'2019-01-28 22:21:52'),
(82,	2,	32,	0,	'2019-01-28 22:21:52',	'2019-01-28 22:21:52'),
(83,	2,	33,	0,	'2019-01-28 22:21:52',	'2019-01-28 22:21:52'),
(84,	2,	34,	0,	'2019-01-28 22:21:52',	'2019-01-28 22:21:52'),
(85,	2,	35,	0,	'2019-01-28 22:21:52',	'2019-01-28 22:21:52'),
(86,	2,	36,	0,	'2019-01-28 22:21:52',	'2019-01-28 22:21:52'),
(87,	2,	37,	0,	'2019-01-28 22:21:52',	'2019-01-28 22:21:52'),
(88,	2,	38,	0,	'2019-01-28 22:21:52',	'2019-01-28 22:21:52'),
(89,	2,	39,	0,	'2019-01-28 22:21:52',	'2019-01-28 22:21:52'),
(90,	2,	40,	0,	'2019-01-28 22:21:52',	'2019-01-28 22:21:52'),
(91,	2,	41,	0,	'2019-01-28 22:21:52',	'2019-01-28 22:21:52'),
(92,	2,	42,	0,	'2019-01-28 22:21:52',	'2019-01-28 22:21:52'),
(93,	2,	43,	0,	'2019-01-28 22:21:52',	'2019-01-28 22:21:52'),
(94,	2,	44,	0,	'2019-01-28 22:21:52',	'2019-01-28 22:21:52'),
(95,	2,	45,	0,	'2019-01-28 22:21:52',	'2019-01-28 22:21:52'),
(96,	2,	46,	0,	'2019-01-28 22:21:52',	'2019-01-28 22:21:52'),
(97,	2,	47,	0,	'2019-01-28 22:21:52',	'2019-01-28 22:21:52'),
(98,	2,	48,	0,	'2019-01-28 22:21:52',	'2019-01-28 22:21:52'),
(99,	2,	49,	0,	'2019-01-28 22:21:52',	'2019-01-28 22:21:52'),
(100,	2,	50,	0,	'2019-01-28 22:21:52',	'2019-01-28 22:21:52'),
(101,	3,	1,	0,	'2019-01-28 22:21:52',	'2019-01-28 22:21:52'),
(102,	3,	2,	0,	'2019-01-28 22:21:52',	'2019-01-28 22:21:52'),
(103,	3,	3,	0,	'2019-01-28 22:21:52',	'2019-01-28 22:21:52'),
(104,	3,	4,	0,	'2019-01-28 22:21:52',	'2019-01-28 22:21:52'),
(105,	3,	5,	0,	'2019-01-28 22:21:52',	'2019-01-28 22:21:52'),
(106,	3,	6,	0,	'2019-01-28 22:21:52',	'2019-01-28 22:21:52'),
(107,	3,	7,	0,	'2019-01-28 22:21:52',	'2019-01-28 22:21:52'),
(108,	3,	8,	0,	'2019-01-28 22:21:52',	'2019-01-28 22:21:52'),
(109,	3,	9,	0,	'2019-01-28 22:21:52',	'2019-01-28 22:21:52'),
(110,	3,	10,	0,	'2019-01-28 22:21:52',	'2019-01-28 22:21:52'),
(111,	3,	11,	0,	'2019-01-28 22:21:52',	'2019-01-28 22:21:52'),
(112,	3,	12,	0,	'2019-01-28 22:21:52',	'2019-01-28 22:21:52'),
(113,	3,	13,	0,	'2019-01-28 22:21:52',	'2019-01-28 22:21:52'),
(114,	3,	14,	0,	'2019-01-28 22:21:52',	'2019-01-28 22:21:52'),
(115,	3,	15,	0,	'2019-01-28 22:21:52',	'2019-01-28 22:21:52'),
(116,	3,	16,	0,	'2019-01-28 22:21:52',	'2019-01-28 22:21:52'),
(117,	3,	17,	0,	'2019-01-28 22:21:52',	'2019-01-28 22:21:52'),
(118,	3,	18,	0,	'2019-01-28 22:21:52',	'2019-01-28 22:21:52'),
(119,	3,	19,	0,	'2019-01-28 22:21:52',	'2019-01-28 22:21:52'),
(120,	3,	20,	0,	'2019-01-28 22:21:52',	'2019-01-28 22:21:52'),
(121,	3,	21,	0,	'2019-01-28 22:21:52',	'2019-01-28 22:21:52'),
(122,	3,	22,	0,	'2019-01-28 22:21:52',	'2019-01-28 22:21:52'),
(123,	3,	23,	0,	'2019-01-28 22:21:52',	'2019-01-28 22:21:52'),
(124,	3,	24,	0,	'2019-01-28 22:21:52',	'2019-01-28 22:21:52'),
(125,	3,	25,	0,	'2019-01-28 22:21:52',	'2019-01-28 22:21:52'),
(126,	3,	26,	0,	'2019-01-28 22:21:52',	'2019-01-28 22:21:52'),
(127,	3,	27,	0,	'2019-01-28 22:21:52',	'2019-01-28 22:21:52'),
(128,	3,	28,	0,	'2019-01-28 22:21:52',	'2019-01-28 22:21:52'),
(129,	3,	29,	0,	'2019-01-28 22:21:52',	'2019-01-28 22:21:52'),
(130,	3,	30,	0,	'2019-01-28 22:21:52',	'2019-01-28 22:21:52'),
(131,	3,	31,	0,	'2019-01-28 22:21:52',	'2019-01-28 22:21:52'),
(132,	3,	32,	0,	'2019-01-28 22:21:52',	'2019-01-28 22:21:52'),
(133,	3,	33,	0,	'2019-01-28 22:21:52',	'2019-01-28 22:21:52'),
(134,	3,	34,	0,	'2019-01-28 22:21:52',	'2019-01-28 22:21:52'),
(135,	3,	35,	0,	'2019-01-28 22:21:52',	'2019-01-28 22:21:52'),
(136,	3,	36,	0,	'2019-01-28 22:21:52',	'2019-01-28 22:21:52'),
(137,	3,	37,	0,	'2019-01-28 22:21:52',	'2019-01-28 22:21:52'),
(138,	3,	38,	0,	'2019-01-28 22:21:52',	'2019-01-28 22:21:52'),
(139,	3,	39,	0,	'2019-01-28 22:21:52',	'2019-01-28 22:21:52'),
(140,	3,	40,	0,	'2019-01-28 22:21:52',	'2019-01-28 22:21:52'),
(141,	3,	41,	0,	'2019-01-28 22:21:52',	'2019-01-28 22:21:52'),
(142,	3,	42,	0,	'2019-01-28 22:21:52',	'2019-01-28 22:21:52'),
(143,	3,	43,	0,	'2019-01-28 22:21:52',	'2019-01-28 22:21:52'),
(144,	3,	44,	0,	'2019-01-28 22:21:52',	'2019-01-28 22:21:52'),
(145,	3,	45,	0,	'2019-01-28 22:21:52',	'2019-01-28 22:21:52'),
(146,	3,	46,	0,	'2019-01-28 22:21:52',	'2019-01-28 22:21:52'),
(147,	3,	47,	0,	'2019-01-28 22:21:52',	'2019-01-28 22:21:52'),
(148,	3,	48,	0,	'2019-01-28 22:21:52',	'2019-01-28 22:21:52'),
(149,	3,	49,	0,	'2019-01-28 22:21:52',	'2019-01-28 22:21:52'),
(150,	3,	50,	0,	'2019-01-28 22:21:52',	'2019-01-28 22:21:52');

-- 2019-01-29 16:01:48
